image_url,scientific_name
http://static.inaturalist.org/photos/667253/medium.JPG,Leucorrhinia dubia
https://inaturalist-open-data.s3.amazonaws.com/photos/1852097/medium.jpg,Leucorrhinia dubia
https://inaturalist-open-data.s3.amazonaws.com/photos/1865491/medium.jpg,Leucorrhinia dubia
http://static.inaturalist.org/photos/5645665/medium.jpg,Leucorrhinia dubia
https://inaturalist-open-data.s3.amazonaws.com/photos/5650006/medium.jpg,Leucorrhinia dubia
https://inaturalist-open-data.s3.amazonaws.com/photos/5650009/medium.jpg,Leucorrhinia dubia
https://inaturalist-open-data.s3.amazonaws.com/photos/5685456/medium.jpg,Leucorrhinia dubia
https://inaturalist-open-data.s3.amazonaws.com/photos/5685457/medium.jpg,Leucorrhinia dubia
https://inaturalist-open-data.s3.amazonaws.com/photos/6015069/medium.jpeg,Leucorrhinia dubia
https://static.inaturalist.org/photos/8639758/medium.jpg,Leucorrhinia dubia
https://inaturalist-open-data.s3.amazonaws.com/photos/8806574/medium.jpg,Leucorrhinia dubia
https://inaturalist-open-data.s3.amazonaws.com/photos/12254068/medium.jpeg,Leucorrhinia dubia
https://inaturalist-open-data.s3.amazonaws.com/photos/12885970/medium.jpeg,Leucorrhinia dubia
https://inaturalist-open-data.s3.amazonaws.com/photos/13356873/medium.jpeg,Leucorrhinia dubia
https://inaturalist-open-data.s3.amazonaws.com/photos/14737145/medium.jpg,Leucorrhinia dubia
https://inaturalist-open-data.s3.amazonaws.com/photos/18624819/medium.jpg,Leucorrhinia dubia
https://inaturalist-open-data.s3.amazonaws.com/photos/19038937/medium.jpeg,Leucorrhinia dubia
https://inaturalist-open-data.s3.amazonaws.com/photos/19042856/medium.jpeg,Leucorrhinia dubia
https://inaturalist-open-data.s3.amazonaws.com/photos/19265818/medium.jpg,Leucorrhinia dubia
https://static.inaturalist.org/photos/19365281/medium.jpg,Leucorrhinia dubia
https://static.inaturalist.org/photos/19471385/medium.jpeg,Leucorrhinia dubia
https://static.inaturalist.org/photos/19471413/medium.jpeg,Leucorrhinia dubia
https://static.inaturalist.org/photos/19909121/medium.jpg,Leucorrhinia dubia
https://inaturalist-open-data.s3.amazonaws.com/photos/20231362/medium.jpeg,Leucorrhinia dubia
https://inaturalist-open-data.s3.amazonaws.com/photos/20375636/medium.jpeg,Leucorrhinia dubia
https://inaturalist-open-data.s3.amazonaws.com/photos/21026254/medium.jpg,Leucorrhinia dubia
https://inaturalist-open-data.s3.amazonaws.com/photos/21257095/medium.jpeg,Leucorrhinia dubia
https://static.inaturalist.org/photos/21257024/medium.jpg,Leucorrhinia dubia
https://inaturalist-open-data.s3.amazonaws.com/photos/21257136/medium.jpeg,Leucorrhinia dubia
https://inaturalist-open-data.s3.amazonaws.com/photos/21376562/medium.jpg,Leucorrhinia dubia
https://inaturalist-open-data.s3.amazonaws.com/photos/21460855/medium.jpg,Leucorrhinia dubia
https://static.inaturalist.org/photos/21601231/medium.jpg,Leucorrhinia dubia
https://static.inaturalist.org/photos/21601737/medium.jpg,Leucorrhinia dubia
https://static.inaturalist.org/photos/21713237/medium.jpeg,Leucorrhinia dubia
https://inaturalist-open-data.s3.amazonaws.com/photos/22071350/medium.jpeg,Leucorrhinia dubia
https://inaturalist-open-data.s3.amazonaws.com/photos/22555749/medium.jpeg,Leucorrhinia dubia
https://static.inaturalist.org/photos/22757508/medium.jpg,Leucorrhinia dubia
https://inaturalist-open-data.s3.amazonaws.com/photos/23174033/medium.jpeg,Leucorrhinia dubia
https://inaturalist-open-data.s3.amazonaws.com/photos/23380003/medium.jpeg,Leucorrhinia dubia
https://inaturalist-open-data.s3.amazonaws.com/photos/25824520/medium.jpg,Leucorrhinia dubia
https://inaturalist-open-data.s3.amazonaws.com/photos/28204969/medium.jpg,Leucorrhinia dubia
https://inaturalist-open-data.s3.amazonaws.com/photos/28663675/medium.jpeg,Leucorrhinia dubia
https://inaturalist-open-data.s3.amazonaws.com/photos/28664291/medium.jpeg,Leucorrhinia dubia
https://inaturalist-open-data.s3.amazonaws.com/photos/28664335/medium.jpeg,Leucorrhinia dubia
https://inaturalist-open-data.s3.amazonaws.com/photos/29062790/medium.jpg,Leucorrhinia dubia
https://inaturalist-open-data.s3.amazonaws.com/photos/29620529/medium.jpg,Leucorrhinia dubia
https://inaturalist-open-data.s3.amazonaws.com/photos/54853276/medium.jpeg,Leucorrhinia dubia
https://inaturalist-open-data.s3.amazonaws.com/photos/32237421/medium.jpg,Leucorrhinia dubia
https://inaturalist-open-data.s3.amazonaws.com/photos/32943277/medium.jpg,Leucorrhinia dubia
https://inaturalist-open-data.s3.amazonaws.com/photos/32967815/medium.jpg,Leucorrhinia dubia
https://static.inaturalist.org/photos/37830942/medium.jpg,Leucorrhinia dubia
https://inaturalist-open-data.s3.amazonaws.com/photos/41137083/medium.jpeg,Leucorrhinia dubia
https://inaturalist-open-data.s3.amazonaws.com/photos/41190005/medium.jpeg,Leucorrhinia dubia
https://static.inaturalist.org/photos/41218215/medium.jpg,Leucorrhinia dubia
https://static.inaturalist.org/photos/41256568/medium.jpg,Leucorrhinia dubia
https://inaturalist-open-data.s3.amazonaws.com/photos/41461759/medium.jpeg,Leucorrhinia dubia
https://inaturalist-open-data.s3.amazonaws.com/photos/41562453/medium.jpg,Leucorrhinia dubia
https://static.inaturalist.org/photos/41685318/medium.jpg,Leucorrhinia dubia
https://static.inaturalist.org/photos/41718492/medium.jpg,Leucorrhinia dubia
https://static.inaturalist.org/photos/41718515/medium.jpg,Leucorrhinia dubia
https://inaturalist-open-data.s3.amazonaws.com/photos/41804498/medium.jpg,Leucorrhinia dubia
https://static.inaturalist.org/photos/42235992/medium.jpg,Leucorrhinia dubia
https://static.inaturalist.org/photos/42523297/medium.jpeg,Leucorrhinia dubia
https://static.inaturalist.org/photos/42992139/medium.jpeg,Leucorrhinia dubia
https://inaturalist-open-data.s3.amazonaws.com/photos/43845183/medium.jpg,Leucorrhinia dubia
https://inaturalist-open-data.s3.amazonaws.com/photos/44116645/medium.jpeg,Leucorrhinia dubia
https://inaturalist-open-data.s3.amazonaws.com/photos/44197665/medium.jpg,Leucorrhinia dubia
https://inaturalist-open-data.s3.amazonaws.com/photos/44196324/medium.jpeg,Leucorrhinia dubia
https://inaturalist-open-data.s3.amazonaws.com/photos/44209684/medium.jpg,Leucorrhinia dubia
https://inaturalist-open-data.s3.amazonaws.com/photos/44423159/medium.jpeg,Leucorrhinia dubia
https://inaturalist-open-data.s3.amazonaws.com/photos/44634990/medium.jpeg,Leucorrhinia dubia
https://inaturalist-open-data.s3.amazonaws.com/photos/44661412/medium.jpg,Leucorrhinia dubia
https://inaturalist-open-data.s3.amazonaws.com/photos/44794007/medium.jpg,Leucorrhinia dubia
https://inaturalist-open-data.s3.amazonaws.com/photos/44864987/medium.jpeg,Leucorrhinia dubia
https://inaturalist-open-data.s3.amazonaws.com/photos/44985738/medium.jpg,Leucorrhinia dubia
https://inaturalist-open-data.s3.amazonaws.com/photos/45875787/medium.jpg,Leucorrhinia dubia
https://inaturalist-open-data.s3.amazonaws.com/photos/46624285/medium.jpeg,Leucorrhinia dubia
https://inaturalist-open-data.s3.amazonaws.com/photos/46640113/medium.jpeg,Leucorrhinia dubia
https://inaturalist-open-data.s3.amazonaws.com/photos/46649607/medium.jpeg,Leucorrhinia dubia
https://static.inaturalist.org/photos/46843977/medium.jpeg,Leucorrhinia dubia
https://inaturalist-open-data.s3.amazonaws.com/photos/46916528/medium.jpeg,Leucorrhinia dubia
https://static.inaturalist.org/photos/47111867/medium.jpg,Leucorrhinia dubia
https://inaturalist-open-data.s3.amazonaws.com/photos/47342264/medium.jpeg,Leucorrhinia dubia
https://inaturalist-open-data.s3.amazonaws.com/photos/47885042/medium.jpg,Leucorrhinia dubia
https://inaturalist-open-data.s3.amazonaws.com/photos/48294430/medium.jpeg,Leucorrhinia dubia
https://inaturalist-open-data.s3.amazonaws.com/photos/50758295/medium.jpg,Leucorrhinia dubia
https://inaturalist-open-data.s3.amazonaws.com/photos/52259907/medium.jpeg,Leucorrhinia dubia
https://inaturalist-open-data.s3.amazonaws.com/photos/52259935/medium.jpeg,Leucorrhinia dubia
https://inaturalist-open-data.s3.amazonaws.com/photos/52259938/medium.jpeg,Leucorrhinia dubia
https://inaturalist-open-data.s3.amazonaws.com/photos/52259945/medium.jpeg,Leucorrhinia dubia
https://inaturalist-open-data.s3.amazonaws.com/photos/52259958/medium.jpeg,Leucorrhinia dubia
https://inaturalist-open-data.s3.amazonaws.com/photos/52955536/medium.jpeg,Leucorrhinia dubia
https://inaturalist-open-data.s3.amazonaws.com/photos/54139059/medium.jpg,Leucorrhinia dubia
https://inaturalist-open-data.s3.amazonaws.com/photos/54807930/medium.jpeg,Leucorrhinia dubia
https://inaturalist-open-data.s3.amazonaws.com/photos/56089932/medium.jpg,Leucorrhinia dubia
https://inaturalist-open-data.s3.amazonaws.com/photos/56397203/medium.jpeg,Leucorrhinia dubia
https://static.inaturalist.org/photos/56603915/medium.jpg,Leucorrhinia dubia
https://static.inaturalist.org/photos/56772790/medium.jpg,Leucorrhinia dubia
https://inaturalist-open-data.s3.amazonaws.com/photos/57170653/medium.jpeg,Leucorrhinia dubia
https://inaturalist-open-data.s3.amazonaws.com/photos/32966482/medium.jpg,Leucorrhinia dubia
https://inaturalist-open-data.s3.amazonaws.com/photos/57657130/medium.jpeg,Leucorrhinia dubia
https://inaturalist-open-data.s3.amazonaws.com/photos/57908664/medium.jpeg,Leucorrhinia dubia
https://inaturalist-open-data.s3.amazonaws.com/photos/59345628/medium.jpg,Leucorrhinia dubia
https://inaturalist-open-data.s3.amazonaws.com/photos/59345671/medium.jpg,Leucorrhinia dubia
https://inaturalist-open-data.s3.amazonaws.com/photos/59501775/medium.jpg,Leucorrhinia dubia
https://inaturalist-open-data.s3.amazonaws.com/photos/59501862/medium.jpg,Leucorrhinia dubia
https://inaturalist-open-data.s3.amazonaws.com/photos/59501930/medium.jpg,Leucorrhinia dubia
https://inaturalist-open-data.s3.amazonaws.com/photos/59620457/medium.jpg,Leucorrhinia dubia
https://inaturalist-open-data.s3.amazonaws.com/photos/59620502/medium.jpg,Leucorrhinia dubia
https://inaturalist-open-data.s3.amazonaws.com/photos/59627252/medium.jpeg,Leucorrhinia dubia
https://inaturalist-open-data.s3.amazonaws.com/photos/59627353/medium.jpeg,Leucorrhinia dubia
https://inaturalist-open-data.s3.amazonaws.com/photos/59900558/medium.jpeg,Leucorrhinia dubia
https://inaturalist-open-data.s3.amazonaws.com/photos/59901444/medium.jpeg,Leucorrhinia dubia
https://inaturalist-open-data.s3.amazonaws.com/photos/59918951/medium.jpg,Leucorrhinia dubia
https://inaturalist-open-data.s3.amazonaws.com/photos/60062263/medium.jpeg,Leucorrhinia dubia
https://inaturalist-open-data.s3.amazonaws.com/photos/60063869/medium.jpeg,Leucorrhinia dubia
https://inaturalist-open-data.s3.amazonaws.com/photos/60065273/medium.jpeg,Leucorrhinia dubia
https://inaturalist-open-data.s3.amazonaws.com/photos/60074965/medium.jpeg,Leucorrhinia dubia
https://inaturalist-open-data.s3.amazonaws.com/photos/60084158/medium.jpeg,Leucorrhinia dubia
https://inaturalist-open-data.s3.amazonaws.com/photos/60084202/medium.jpeg,Leucorrhinia dubia
https://inaturalist-open-data.s3.amazonaws.com/photos/60084240/medium.jpeg,Leucorrhinia dubia
https://inaturalist-open-data.s3.amazonaws.com/photos/60084261/medium.jpeg,Leucorrhinia dubia
https://inaturalist-open-data.s3.amazonaws.com/photos/60086839/medium.jpg,Leucorrhinia dubia
https://inaturalist-open-data.s3.amazonaws.com/photos/62029264/medium.jpeg,Leucorrhinia dubia
https://inaturalist-open-data.s3.amazonaws.com/photos/65057693/medium.jpg,Leucorrhinia dubia
https://inaturalist-open-data.s3.amazonaws.com/photos/66655133/medium.jpg,Leucorrhinia dubia
https://inaturalist-open-data.s3.amazonaws.com/photos/66785844/medium.jpeg,Leucorrhinia dubia
https://inaturalist-open-data.s3.amazonaws.com/photos/66785849/medium.jpeg,Leucorrhinia dubia
https://inaturalist-open-data.s3.amazonaws.com/photos/66914672/medium.jpeg,Leucorrhinia dubia
https://inaturalist-open-data.s3.amazonaws.com/photos/67054314/medium.jpg,Leucorrhinia dubia
https://static.inaturalist.org/photos/67740825/medium.jpeg,Leucorrhinia dubia
https://inaturalist-open-data.s3.amazonaws.com/photos/68924228/medium.jpg,Leucorrhinia dubia
https://inaturalist-open-data.s3.amazonaws.com/photos/71131423/medium.jpeg,Leucorrhinia dubia
https://static.inaturalist.org/photos/71461097/medium.jpg,Leucorrhinia dubia
https://static.inaturalist.org/photos/71461155/medium.jpg,Leucorrhinia dubia
https://inaturalist-open-data.s3.amazonaws.com/photos/71756832/medium.jpg,Leucorrhinia dubia
https://inaturalist-open-data.s3.amazonaws.com/photos/71967163/medium.jpg,Leucorrhinia dubia
https://inaturalist-open-data.s3.amazonaws.com/photos/72194452/medium.jpg,Leucorrhinia dubia
https://inaturalist-open-data.s3.amazonaws.com/photos/72259657/medium.jpeg,Leucorrhinia dubia
https://inaturalist-open-data.s3.amazonaws.com/photos/72626647/medium.jpeg,Leucorrhinia dubia
https://inaturalist-open-data.s3.amazonaws.com/photos/73621260/medium.jpeg,Leucorrhinia dubia
https://static.inaturalist.org/photos/73894558/medium.jpg,Leucorrhinia dubia
https://static.inaturalist.org/photos/73950962/medium.jpg,Leucorrhinia dubia
https://inaturalist-open-data.s3.amazonaws.com/photos/75580317/medium.jpeg,Leucorrhinia dubia
https://inaturalist-open-data.s3.amazonaws.com/photos/75584567/medium.jpeg,Leucorrhinia dubia
https://inaturalist-open-data.s3.amazonaws.com/photos/75584747/medium.jpeg,Leucorrhinia dubia
https://inaturalist-open-data.s3.amazonaws.com/photos/75584898/medium.jpeg,Leucorrhinia dubia
https://inaturalist-open-data.s3.amazonaws.com/photos/75585087/medium.jpeg,Leucorrhinia dubia
https://inaturalist-open-data.s3.amazonaws.com/photos/75585260/medium.jpeg,Leucorrhinia dubia
https://inaturalist-open-data.s3.amazonaws.com/photos/75585383/medium.jpeg,Leucorrhinia dubia
https://inaturalist-open-data.s3.amazonaws.com/photos/75585633/medium.jpeg,Leucorrhinia dubia
https://inaturalist-open-data.s3.amazonaws.com/photos/75585913/medium.jpeg,Leucorrhinia dubia
https://inaturalist-open-data.s3.amazonaws.com/photos/75586117/medium.jpeg,Leucorrhinia dubia
https://inaturalist-open-data.s3.amazonaws.com/photos/75586274/medium.jpeg,Leucorrhinia dubia
https://inaturalist-open-data.s3.amazonaws.com/photos/75586609/medium.jpeg,Leucorrhinia dubia
https://inaturalist-open-data.s3.amazonaws.com/photos/75586775/medium.jpeg,Leucorrhinia dubia
https://inaturalist-open-data.s3.amazonaws.com/photos/75587140/medium.jpeg,Leucorrhinia dubia
https://inaturalist-open-data.s3.amazonaws.com/photos/75588563/medium.jpeg,Leucorrhinia dubia
https://inaturalist-open-data.s3.amazonaws.com/photos/75588932/medium.jpeg,Leucorrhinia dubia
https://inaturalist-open-data.s3.amazonaws.com/photos/75687039/medium.jpeg,Leucorrhinia dubia
https://inaturalist-open-data.s3.amazonaws.com/photos/75687356/medium.jpeg,Leucorrhinia dubia
https://inaturalist-open-data.s3.amazonaws.com/photos/75687436/medium.jpeg,Leucorrhinia dubia
https://inaturalist-open-data.s3.amazonaws.com/photos/75689607/medium.jpeg,Leucorrhinia dubia
https://inaturalist-open-data.s3.amazonaws.com/photos/75689759/medium.jpeg,Leucorrhinia dubia
https://inaturalist-open-data.s3.amazonaws.com/photos/75689857/medium.jpeg,Leucorrhinia dubia
https://inaturalist-open-data.s3.amazonaws.com/photos/75689987/medium.jpeg,Leucorrhinia dubia
https://static.inaturalist.org/photos/75850588/medium.jpeg,Leucorrhinia dubia
https://inaturalist-open-data.s3.amazonaws.com/photos/76076380/medium.jpg,Leucorrhinia dubia
https://static.inaturalist.org/photos/77663790/medium.jpg,Leucorrhinia dubia
https://inaturalist-open-data.s3.amazonaws.com/photos/76115143/medium.jpeg,Leucorrhinia dubia
https://inaturalist-open-data.s3.amazonaws.com/photos/76408401/medium.jpeg,Leucorrhinia dubia
https://inaturalist-open-data.s3.amazonaws.com/photos/76745424/medium.jpeg,Leucorrhinia dubia
https://static.inaturalist.org/photos/77010690/medium.jpg,Leucorrhinia dubia
https://inaturalist-open-data.s3.amazonaws.com/photos/77027436/medium.jpg,Leucorrhinia dubia
https://inaturalist-open-data.s3.amazonaws.com/photos/77199048/medium.jpg,Leucorrhinia dubia
https://static.inaturalist.org/photos/77424044/medium.jpg,Leucorrhinia dubia
https://static.inaturalist.org/photos/77615679/medium.jpg,Leucorrhinia dubia
https://inaturalist-open-data.s3.amazonaws.com/photos/77787815/medium.jpeg,Leucorrhinia dubia
https://static.inaturalist.org/photos/78182241/medium.jpeg,Leucorrhinia dubia
https://static.inaturalist.org/photos/78182610/medium.jpeg,Leucorrhinia dubia
https://static.inaturalist.org/photos/78325850/medium.jpg,Leucorrhinia dubia
https://inaturalist-open-data.s3.amazonaws.com/photos/78359022/medium.jpg,Leucorrhinia dubia
https://inaturalist-open-data.s3.amazonaws.com/photos/78449919/medium.jpg,Leucorrhinia dubia
https://inaturalist-open-data.s3.amazonaws.com/photos/78519360/medium.jpeg,Leucorrhinia dubia
https://inaturalist-open-data.s3.amazonaws.com/photos/78524831/medium.jpeg,Leucorrhinia dubia
https://inaturalist-open-data.s3.amazonaws.com/photos/78701896/medium.jpg,Leucorrhinia dubia
https://inaturalist-open-data.s3.amazonaws.com/photos/78764661/medium.jpg,Leucorrhinia dubia
https://inaturalist-open-data.s3.amazonaws.com/photos/78808559/medium.jpg,Leucorrhinia dubia
https://inaturalist-open-data.s3.amazonaws.com/photos/78810023/medium.jpg,Leucorrhinia dubia
https://inaturalist-open-data.s3.amazonaws.com/photos/78810821/medium.jpg,Leucorrhinia dubia
https://inaturalist-open-data.s3.amazonaws.com/photos/78935149/medium.jpg,Leucorrhinia dubia
https://inaturalist-open-data.s3.amazonaws.com/photos/78993515/medium.jpeg,Leucorrhinia dubia
https://inaturalist-open-data.s3.amazonaws.com/photos/78993914/medium.jpeg,Leucorrhinia dubia
https://inaturalist-open-data.s3.amazonaws.com/photos/78994189/medium.jpeg,Leucorrhinia dubia
https://inaturalist-open-data.s3.amazonaws.com/photos/79022007/medium.jpeg,Leucorrhinia dubia
https://inaturalist-open-data.s3.amazonaws.com/photos/79087565/medium.jpg,Leucorrhinia dubia
https://inaturalist-open-data.s3.amazonaws.com/photos/79092005/medium.jpg,Leucorrhinia dubia
https://inaturalist-open-data.s3.amazonaws.com/photos/80097539/medium.jpg,Leucorrhinia dubia
https://inaturalist-open-data.s3.amazonaws.com/photos/80234309/medium.jpeg,Leucorrhinia dubia
https://inaturalist-open-data.s3.amazonaws.com/photos/80234333/medium.jpeg,Leucorrhinia dubia
https://inaturalist-open-data.s3.amazonaws.com/photos/81012397/medium.jpeg,Leucorrhinia dubia
https://static.inaturalist.org/photos/81149154/medium.jpg,Leucorrhinia dubia
https://static.inaturalist.org/photos/81152703/medium.jpg,Leucorrhinia dubia
https://inaturalist-open-data.s3.amazonaws.com/photos/81221067/medium.jpg,Leucorrhinia dubia
https://inaturalist-open-data.s3.amazonaws.com/photos/81556406/medium.jpeg,Leucorrhinia dubia
https://inaturalist-open-data.s3.amazonaws.com/photos/81559812/medium.jpg,Leucorrhinia dubia
https://inaturalist-open-data.s3.amazonaws.com/photos/81561892/medium.jpeg,Leucorrhinia dubia
https://inaturalist-open-data.s3.amazonaws.com/photos/81582025/medium.jpg,Leucorrhinia dubia
https://inaturalist-open-data.s3.amazonaws.com/photos/81583480/medium.jpeg,Leucorrhinia dubia
https://inaturalist-open-data.s3.amazonaws.com/photos/81592372/medium.jpg,Leucorrhinia dubia
https://inaturalist-open-data.s3.amazonaws.com/photos/81606936/medium.jpg,Leucorrhinia dubia
https://inaturalist-open-data.s3.amazonaws.com/photos/81748207/medium.jpeg,Leucorrhinia dubia
https://static.inaturalist.org/photos/81748493/medium.jpeg,Leucorrhinia dubia
https://static.inaturalist.org/photos/82474986/medium.jpeg,Leucorrhinia dubia
https://inaturalist-open-data.s3.amazonaws.com/photos/82475771/medium.jpg,Leucorrhinia dubia
https://static.inaturalist.org/photos/82518055/medium.jpeg,Leucorrhinia dubia
https://static.inaturalist.org/photos/82521871/medium.jpeg,Leucorrhinia dubia
https://inaturalist-open-data.s3.amazonaws.com/photos/82619450/medium.jpeg,Leucorrhinia dubia
https://inaturalist-open-data.s3.amazonaws.com/photos/82619928/medium.jpeg,Leucorrhinia dubia
https://inaturalist-open-data.s3.amazonaws.com/photos/82620028/medium.jpeg,Leucorrhinia dubia
https://inaturalist-open-data.s3.amazonaws.com/photos/82624698/medium.jpeg,Leucorrhinia dubia
https://static.inaturalist.org/photos/82647940/medium.jpeg,Leucorrhinia dubia
https://static.inaturalist.org/photos/82648373/medium.jpeg,Leucorrhinia dubia
https://static.inaturalist.org/photos/82648956/medium.jpg,Leucorrhinia dubia
https://static.inaturalist.org/photos/82844914/medium.jpeg,Leucorrhinia dubia
https://inaturalist-open-data.s3.amazonaws.com/photos/83032031/medium.jpeg,Leucorrhinia dubia
https://inaturalist-open-data.s3.amazonaws.com/photos/83214410/medium.jpeg,Leucorrhinia dubia
https://static.inaturalist.org/photos/83389815/medium.jpeg,Leucorrhinia dubia
https://static.inaturalist.org/photos/83928252/medium.jpeg,Leucorrhinia dubia
https://inaturalist-open-data.s3.amazonaws.com/photos/84197390/medium.jpg,Leucorrhinia dubia
https://inaturalist-open-data.s3.amazonaws.com/photos/84560036/medium.jpeg,Leucorrhinia dubia
https://inaturalist-open-data.s3.amazonaws.com/photos/84662110/medium.jpg,Leucorrhinia dubia
https://inaturalist-open-data.s3.amazonaws.com/photos/85242982/medium.jpeg,Leucorrhinia dubia
https://inaturalist-open-data.s3.amazonaws.com/photos/85707063/medium.jpg,Leucorrhinia dubia
https://inaturalist-open-data.s3.amazonaws.com/photos/85763027/medium.jpg,Leucorrhinia dubia
https://inaturalist-open-data.s3.amazonaws.com/photos/86039856/medium.jpeg,Leucorrhinia dubia
https://static.inaturalist.org/photos/86127264/medium.jpeg,Leucorrhinia dubia
https://static.inaturalist.org/photos/86171610/medium.jpg,Leucorrhinia dubia
https://inaturalist-open-data.s3.amazonaws.com/photos/86180759/medium.jpeg,Leucorrhinia dubia
https://inaturalist-open-data.s3.amazonaws.com/photos/86180788/medium.jpeg,Leucorrhinia dubia
https://inaturalist-open-data.s3.amazonaws.com/photos/86289377/medium.jpg,Leucorrhinia dubia
https://inaturalist-open-data.s3.amazonaws.com/photos/86289399/medium.jpg,Leucorrhinia dubia
https://inaturalist-open-data.s3.amazonaws.com/photos/86479338/medium.jpg,Leucorrhinia dubia
https://inaturalist-open-data.s3.amazonaws.com/photos/86520095/medium.jpeg,Leucorrhinia dubia
https://inaturalist-open-data.s3.amazonaws.com/photos/86730741/medium.jpeg,Leucorrhinia dubia
https://static.inaturalist.org/photos/86733038/medium.jpeg,Leucorrhinia dubia
https://inaturalist-open-data.s3.amazonaws.com/photos/86770132/medium.jpeg,Leucorrhinia dubia
https://static.inaturalist.org/photos/86853890/medium.jpeg,Leucorrhinia dubia
https://inaturalist-open-data.s3.amazonaws.com/photos/86901249/medium.jpg,Leucorrhinia dubia
https://inaturalist-open-data.s3.amazonaws.com/photos/86936997/medium.jpeg,Leucorrhinia dubia
https://inaturalist-open-data.s3.amazonaws.com/photos/86937183/medium.jpeg,Leucorrhinia dubia
https://inaturalist-open-data.s3.amazonaws.com/photos/86943166/medium.jpeg,Leucorrhinia dubia
https://inaturalist-open-data.s3.amazonaws.com/photos/86943526/medium.jpeg,Leucorrhinia dubia
https://static.inaturalist.org/photos/87153545/medium.jpeg,Leucorrhinia dubia
https://inaturalist-open-data.s3.amazonaws.com/photos/87660339/medium.jpeg,Leucorrhinia dubia
https://inaturalist-open-data.s3.amazonaws.com/photos/87870386/medium.jpg,Leucorrhinia dubia
https://static.inaturalist.org/photos/88067067/medium.jpeg,Leucorrhinia dubia
https://inaturalist-open-data.s3.amazonaws.com/photos/88670036/medium.jpeg,Leucorrhinia dubia
https://inaturalist-open-data.s3.amazonaws.com/photos/89370776/medium.jpg,Leucorrhinia dubia
https://static.inaturalist.org/photos/89393762/medium.jpeg,Leucorrhinia dubia
https://inaturalist-open-data.s3.amazonaws.com/photos/89467595/medium.jpg,Leucorrhinia dubia
https://static.inaturalist.org/photos/90050476/medium.jpg,Leucorrhinia dubia
https://inaturalist-open-data.s3.amazonaws.com/photos/90408703/medium.jpeg,Leucorrhinia dubia
https://inaturalist-open-data.s3.amazonaws.com/photos/93153464/medium.jpeg,Leucorrhinia dubia
https://inaturalist-open-data.s3.amazonaws.com/photos/93153672/medium.jpeg,Leucorrhinia dubia
https://inaturalist-open-data.s3.amazonaws.com/photos/93455626/medium.jpeg,Leucorrhinia dubia
https://inaturalist-open-data.s3.amazonaws.com/photos/95015872/medium.jpeg,Leucorrhinia dubia
https://inaturalist-open-data.s3.amazonaws.com/photos/95016502/medium.jpeg,Leucorrhinia dubia
https://inaturalist-open-data.s3.amazonaws.com/photos/95018743/medium.jpeg,Leucorrhinia dubia
https://inaturalist-open-data.s3.amazonaws.com/photos/95019110/medium.jpeg,Leucorrhinia dubia
https://inaturalist-open-data.s3.amazonaws.com/photos/95023940/medium.jpeg,Leucorrhinia dubia
https://inaturalist-open-data.s3.amazonaws.com/photos/95027706/medium.jpeg,Leucorrhinia dubia
https://inaturalist-open-data.s3.amazonaws.com/photos/95047621/medium.jpeg,Leucorrhinia dubia
https://inaturalist-open-data.s3.amazonaws.com/photos/95048064/medium.jpeg,Leucorrhinia dubia
https://inaturalist-open-data.s3.amazonaws.com/photos/95048804/medium.jpeg,Leucorrhinia dubia
https://inaturalist-open-data.s3.amazonaws.com/photos/101447958/medium.jpeg,Leucorrhinia dubia
https://inaturalist-open-data.s3.amazonaws.com/photos/101447977/medium.jpeg,Leucorrhinia dubia
https://inaturalist-open-data.s3.amazonaws.com/photos/101449359/medium.jpeg,Leucorrhinia dubia
https://inaturalist-open-data.s3.amazonaws.com/photos/101594196/medium.jpeg,Leucorrhinia dubia
https://inaturalist-open-data.s3.amazonaws.com/photos/101905242/medium.jpeg,Leucorrhinia dubia
https://inaturalist-open-data.s3.amazonaws.com/photos/101905611/medium.jpeg,Leucorrhinia dubia
https://inaturalist-open-data.s3.amazonaws.com/photos/101917370/medium.jpeg,Leucorrhinia dubia
https://inaturalist-open-data.s3.amazonaws.com/photos/101917592/medium.jpeg,Leucorrhinia dubia
https://inaturalist-open-data.s3.amazonaws.com/photos/101918495/medium.jpeg,Leucorrhinia dubia
https://inaturalist-open-data.s3.amazonaws.com/photos/101918690/medium.jpeg,Leucorrhinia dubia
https://inaturalist-open-data.s3.amazonaws.com/photos/101921336/medium.jpeg,Leucorrhinia dubia
https://inaturalist-open-data.s3.amazonaws.com/photos/101923072/medium.jpeg,Leucorrhinia dubia
https://inaturalist-open-data.s3.amazonaws.com/photos/101923475/medium.jpeg,Leucorrhinia dubia
https://inaturalist-open-data.s3.amazonaws.com/photos/101923705/medium.jpeg,Leucorrhinia dubia
https://inaturalist-open-data.s3.amazonaws.com/photos/101923845/medium.jpeg,Leucorrhinia dubia
https://inaturalist-open-data.s3.amazonaws.com/photos/101924694/medium.jpeg,Leucorrhinia dubia
https://inaturalist-open-data.s3.amazonaws.com/photos/101925005/medium.jpeg,Leucorrhinia dubia
https://inaturalist-open-data.s3.amazonaws.com/photos/101982653/medium.jpg,Leucorrhinia dubia
https://inaturalist-open-data.s3.amazonaws.com/photos/103323943/medium.jpeg,Leucorrhinia dubia
https://inaturalist-open-data.s3.amazonaws.com/photos/103324404/medium.jpeg,Leucorrhinia dubia
https://inaturalist-open-data.s3.amazonaws.com/photos/103631397/medium.jpeg,Leucorrhinia dubia
https://static.inaturalist.org/photos/105283123/medium.jpeg,Leucorrhinia dubia
https://inaturalist-open-data.s3.amazonaws.com/photos/105290054/medium.jpeg,Leucorrhinia dubia
https://inaturalist-open-data.s3.amazonaws.com/photos/105674703/medium.jpeg,Leucorrhinia dubia
https://inaturalist-open-data.s3.amazonaws.com/photos/105674760/medium.jpeg,Leucorrhinia dubia
https://inaturalist-open-data.s3.amazonaws.com/photos/105675909/medium.jpeg,Leucorrhinia dubia
https://inaturalist-open-data.s3.amazonaws.com/photos/106308514/medium.jpeg,Leucorrhinia dubia
https://static.inaturalist.org/photos/106769590/medium.jpeg,Leucorrhinia dubia
https://inaturalist-open-data.s3.amazonaws.com/photos/106823615/medium.jpeg,Leucorrhinia dubia
https://static.inaturalist.org/photos/106941630/medium.jpeg,Leucorrhinia dubia
https://static.inaturalist.org/photos/106997057/medium.jpeg,Leucorrhinia dubia
https://inaturalist-open-data.s3.amazonaws.com/photos/107271798/medium.jpeg,Leucorrhinia dubia
https://inaturalist-open-data.s3.amazonaws.com/photos/107413049/medium.jpeg,Leucorrhinia dubia
https://inaturalist-open-data.s3.amazonaws.com/photos/107413070/medium.jpeg,Leucorrhinia dubia
https://inaturalist-open-data.s3.amazonaws.com/photos/107413122/medium.jpeg,Leucorrhinia dubia
https://inaturalist-open-data.s3.amazonaws.com/photos/107432230/medium.jpg,Leucorrhinia dubia
https://static.inaturalist.org/photos/107512919/medium.jpeg,Leucorrhinia dubia
https://static.inaturalist.org/photos/107584324/medium.jpeg,Leucorrhinia dubia
https://static.inaturalist.org/photos/107585294/medium.jpeg,Leucorrhinia dubia
https://static.inaturalist.org/photos/107588776/medium.jpeg,Leucorrhinia dubia
https://static.inaturalist.org/photos/107590473/medium.jpeg,Leucorrhinia dubia
https://inaturalist-open-data.s3.amazonaws.com/photos/107935394/medium.jpeg,Leucorrhinia dubia
https://inaturalist-open-data.s3.amazonaws.com/photos/108023298/medium.jpeg,Leucorrhinia dubia
https://inaturalist-open-data.s3.amazonaws.com/photos/108023757/medium.jpeg,Leucorrhinia dubia
https://inaturalist-open-data.s3.amazonaws.com/photos/108074836/medium.jpeg,Leucorrhinia dubia
https://inaturalist-open-data.s3.amazonaws.com/photos/108381285/medium.jpeg,Leucorrhinia dubia
https://inaturalist-open-data.s3.amazonaws.com/photos/108482111/medium.jpeg,Leucorrhinia dubia
https://inaturalist-open-data.s3.amazonaws.com/photos/108482298/medium.jpeg,Leucorrhinia dubia
https://inaturalist-open-data.s3.amazonaws.com/photos/108487327/medium.jpeg,Leucorrhinia dubia
https://inaturalist-open-data.s3.amazonaws.com/photos/108947010/medium.jpg,Leucorrhinia dubia
https://inaturalist-open-data.s3.amazonaws.com/photos/108986475/medium.jpeg,Leucorrhinia dubia
https://inaturalist-open-data.s3.amazonaws.com/photos/111769516/medium.jpeg,Leucorrhinia dubia
https://inaturalist-open-data.s3.amazonaws.com/photos/112653476/medium.jpeg,Leucorrhinia dubia
https://inaturalist-open-data.s3.amazonaws.com/photos/112943110/medium.jpeg,Leucorrhinia dubia
https://inaturalist-open-data.s3.amazonaws.com/photos/113072700/medium.jpg,Leucorrhinia dubia
https://inaturalist-open-data.s3.amazonaws.com/photos/117383754/medium.jpeg,Leucorrhinia dubia
https://inaturalist-open-data.s3.amazonaws.com/photos/122313601/medium.jpg,Leucorrhinia dubia
https://inaturalist-open-data.s3.amazonaws.com/photos/123105409/medium.jpeg,Leucorrhinia dubia
https://static.inaturalist.org/photos/124070833/medium.jpg,Leucorrhinia dubia
https://inaturalist-open-data.s3.amazonaws.com/photos/125104765/medium.jpeg,Leucorrhinia dubia
https://inaturalist-open-data.s3.amazonaws.com/photos/126920041/medium.jpg,Leucorrhinia dubia
https://inaturalist-open-data.s3.amazonaws.com/photos/129396971/medium.jpeg,Leucorrhinia dubia
https://inaturalist-open-data.s3.amazonaws.com/photos/130968064/medium.jpg,Leucorrhinia dubia
https://inaturalist-open-data.s3.amazonaws.com/photos/131301613/medium.jpg,Leucorrhinia dubia
https://static.inaturalist.org/photos/131548514/medium.jpeg,Leucorrhinia dubia
https://inaturalist-open-data.s3.amazonaws.com/photos/132632615/medium.jpeg,Leucorrhinia dubia
https://static.inaturalist.org/photos/132633529/medium.jpg,Leucorrhinia dubia
https://static.inaturalist.org/photos/133774423/medium.jpeg,Leucorrhinia dubia
https://inaturalist-open-data.s3.amazonaws.com/photos/133886004/medium.jpg,Leucorrhinia dubia
https://inaturalist-open-data.s3.amazonaws.com/photos/134290462/medium.jpg,Leucorrhinia dubia
https://inaturalist-open-data.s3.amazonaws.com/photos/134320188/medium.jpeg,Leucorrhinia dubia
https://inaturalist-open-data.s3.amazonaws.com/photos/134319777/medium.jpeg,Leucorrhinia dubia
https://inaturalist-open-data.s3.amazonaws.com/photos/134352930/medium.jpeg,Leucorrhinia dubia
https://static.inaturalist.org/photos/134362477/medium.jpeg,Leucorrhinia dubia
https://static.inaturalist.org/photos/134363340/medium.jpeg,Leucorrhinia dubia
https://inaturalist-open-data.s3.amazonaws.com/photos/134384782/medium.jpg,Leucorrhinia dubia
https://inaturalist-open-data.s3.amazonaws.com/photos/134565124/medium.jpeg,Leucorrhinia dubia
https://static.inaturalist.org/photos/134665405/medium.jpg,Leucorrhinia dubia
https://inaturalist-open-data.s3.amazonaws.com/photos/134892947/medium.jpeg,Leucorrhinia dubia
https://inaturalist-open-data.s3.amazonaws.com/photos/135039429/medium.jpeg,Leucorrhinia dubia
https://inaturalist-open-data.s3.amazonaws.com/photos/135665026/medium.jpeg,Leucorrhinia dubia
https://static.inaturalist.org/photos/135713534/medium.jpeg,Leucorrhinia dubia
https://inaturalist-open-data.s3.amazonaws.com/photos/135781396/medium.jpeg,Leucorrhinia dubia
https://static.inaturalist.org/photos/135797066/medium.jpeg,Leucorrhinia dubia
https://static.inaturalist.org/photos/135798132/medium.jpeg,Leucorrhinia dubia
https://inaturalist-open-data.s3.amazonaws.com/photos/135825785/medium.jpg,Leucorrhinia dubia
https://inaturalist-open-data.s3.amazonaws.com/photos/135951124/medium.jpeg,Leucorrhinia dubia
https://inaturalist-open-data.s3.amazonaws.com/photos/135967775/medium.jpeg,Leucorrhinia dubia
https://static.inaturalist.org/photos/136001037/medium.jpeg,Leucorrhinia dubia
https://inaturalist-open-data.s3.amazonaws.com/photos/136070328/medium.jpg,Leucorrhinia dubia
https://static.inaturalist.org/photos/136094909/medium.jpeg,Leucorrhinia dubia
https://inaturalist-open-data.s3.amazonaws.com/photos/136572304/medium.jpg,Leucorrhinia dubia
https://inaturalist-open-data.s3.amazonaws.com/photos/136685314/medium.jpeg,Leucorrhinia dubia
https://inaturalist-open-data.s3.amazonaws.com/photos/136685373/medium.jpeg,Leucorrhinia dubia
https://static.inaturalist.org/photos/136716383/medium.jpeg,Leucorrhinia dubia
https://static.inaturalist.org/photos/136889056/medium.jpg,Leucorrhinia dubia
https://inaturalist-open-data.s3.amazonaws.com/photos/136903071/medium.jpg,Leucorrhinia dubia
https://inaturalist-open-data.s3.amazonaws.com/photos/136916682/medium.jpg,Leucorrhinia dubia
https://static.inaturalist.org/photos/136976365/medium.jpeg,Leucorrhinia dubia
https://inaturalist-open-data.s3.amazonaws.com/photos/136990023/medium.png,Leucorrhinia dubia
https://inaturalist-open-data.s3.amazonaws.com/photos/137325002/medium.jpeg,Leucorrhinia dubia
https://inaturalist-open-data.s3.amazonaws.com/photos/137325039/medium.jpeg,Leucorrhinia dubia
https://inaturalist-open-data.s3.amazonaws.com/photos/137359738/medium.jpeg,Leucorrhinia dubia
https://inaturalist-open-data.s3.amazonaws.com/photos/137359836/medium.jpeg,Leucorrhinia dubia
https://inaturalist-open-data.s3.amazonaws.com/photos/137360084/medium.jpeg,Leucorrhinia dubia
https://inaturalist-open-data.s3.amazonaws.com/photos/137583119/medium.jpeg,Leucorrhinia dubia
https://inaturalist-open-data.s3.amazonaws.com/photos/137593210/medium.jpeg,Leucorrhinia dubia
https://static.inaturalist.org/photos/137596649/medium.jpg,Leucorrhinia dubia
https://static.inaturalist.org/photos/137596785/medium.jpg,Leucorrhinia dubia
https://static.inaturalist.org/photos/137596941/medium.jpg,Leucorrhinia dubia
https://static.inaturalist.org/photos/137597217/medium.jpeg,Leucorrhinia dubia
https://static.inaturalist.org/photos/137597455/medium.jpeg,Leucorrhinia dubia
https://static.inaturalist.org/photos/137715297/medium.jpg,Leucorrhinia dubia
https://inaturalist-open-data.s3.amazonaws.com/photos/137964399/medium.jpeg,Leucorrhinia dubia
https://inaturalist-open-data.s3.amazonaws.com/photos/138186021/medium.jpg,Leucorrhinia dubia
https://inaturalist-open-data.s3.amazonaws.com/photos/138204301/medium.jpg,Leucorrhinia dubia
https://static.inaturalist.org/photos/138559267/medium.jpg,Leucorrhinia dubia
https://static.inaturalist.org/photos/138728351/medium.jpg,Leucorrhinia dubia
https://inaturalist-open-data.s3.amazonaws.com/photos/138814120/medium.jpg,Leucorrhinia dubia
https://inaturalist-open-data.s3.amazonaws.com/photos/138988046/medium.jpg,Leucorrhinia dubia
https://inaturalist-open-data.s3.amazonaws.com/photos/139205482/medium.jpg,Leucorrhinia dubia
https://inaturalist-open-data.s3.amazonaws.com/photos/139211498/medium.jpeg,Leucorrhinia dubia
https://inaturalist-open-data.s3.amazonaws.com/photos/139223865/medium.jpeg,Leucorrhinia dubia
https://static.inaturalist.org/photos/139533598/medium.jpeg,Leucorrhinia dubia
https://inaturalist-open-data.s3.amazonaws.com/photos/139584629/medium.jpeg,Leucorrhinia dubia
https://inaturalist-open-data.s3.amazonaws.com/photos/139770626/medium.jpeg,Leucorrhinia dubia
https://inaturalist-open-data.s3.amazonaws.com/photos/139780834/medium.jpeg,Leucorrhinia dubia
https://inaturalist-open-data.s3.amazonaws.com/photos/139787960/medium.jpeg,Leucorrhinia dubia
https://inaturalist-open-data.s3.amazonaws.com/photos/139788019/medium.jpeg,Leucorrhinia dubia
https://inaturalist-open-data.s3.amazonaws.com/photos/139791485/medium.jpeg,Leucorrhinia dubia
https://inaturalist-open-data.s3.amazonaws.com/photos/139791639/medium.jpeg,Leucorrhinia dubia
https://inaturalist-open-data.s3.amazonaws.com/photos/139791649/medium.jpeg,Leucorrhinia dubia
https://inaturalist-open-data.s3.amazonaws.com/photos/139791666/medium.jpeg,Leucorrhinia dubia
https://inaturalist-open-data.s3.amazonaws.com/photos/139791742/medium.jpeg,Leucorrhinia dubia
https://inaturalist-open-data.s3.amazonaws.com/photos/139889929/medium.jpeg,Leucorrhinia dubia
https://inaturalist-open-data.s3.amazonaws.com/photos/140020434/medium.jpeg,Leucorrhinia dubia
https://inaturalist-open-data.s3.amazonaws.com/photos/140126814/medium.jpeg,Leucorrhinia dubia
https://static.inaturalist.org/photos/140361575/medium.jpg,Leucorrhinia dubia
https://static.inaturalist.org/photos/140378207/medium.jpg,Leucorrhinia dubia
https://static.inaturalist.org/photos/140444898/medium.jpg,Leucorrhinia dubia
https://static.inaturalist.org/photos/140582777/medium.jpeg,Leucorrhinia dubia
https://inaturalist-open-data.s3.amazonaws.com/photos/140621960/medium.jpeg,Leucorrhinia dubia
https://static.inaturalist.org/photos/140888696/medium.jpeg,Leucorrhinia dubia
https://inaturalist-open-data.s3.amazonaws.com/photos/140965883/medium.jpeg,Leucorrhinia dubia
https://inaturalist-open-data.s3.amazonaws.com/photos/141117948/medium.jpeg,Leucorrhinia dubia
https://inaturalist-open-data.s3.amazonaws.com/photos/141125928/medium.jpeg,Leucorrhinia dubia
https://static.inaturalist.org/photos/141136463/medium.jpg,Leucorrhinia dubia
https://inaturalist-open-data.s3.amazonaws.com/photos/141209294/medium.jpg,Leucorrhinia dubia
https://inaturalist-open-data.s3.amazonaws.com/photos/141502838/medium.jpg,Leucorrhinia dubia
https://inaturalist-open-data.s3.amazonaws.com/photos/141749450/medium.jpg,Leucorrhinia dubia
https://inaturalist-open-data.s3.amazonaws.com/photos/141939558/medium.jpg,Leucorrhinia dubia
https://static.inaturalist.org/photos/142159196/medium.jpeg,Leucorrhinia dubia
https://static.inaturalist.org/photos/142569091/medium.jpg,Leucorrhinia dubia
https://static.inaturalist.org/photos/142976590/medium.jpg,Leucorrhinia dubia
https://static.inaturalist.org/photos/143001349/medium.jpg,Leucorrhinia dubia
https://inaturalist-open-data.s3.amazonaws.com/photos/143004173/medium.jpg,Leucorrhinia dubia
https://static.inaturalist.org/photos/143171135/medium.jpeg,Leucorrhinia dubia
https://inaturalist-open-data.s3.amazonaws.com/photos/143572869/medium.jpeg,Leucorrhinia dubia
https://inaturalist-open-data.s3.amazonaws.com/photos/143697857/medium.png,Leucorrhinia dubia
https://inaturalist-open-data.s3.amazonaws.com/photos/143821567/medium.jpeg,Leucorrhinia dubia
https://static.inaturalist.org/photos/143832840/medium.jpg,Leucorrhinia dubia
https://static.inaturalist.org/photos/143832855/medium.jpg,Leucorrhinia dubia
https://inaturalist-open-data.s3.amazonaws.com/photos/143852299/medium.jpeg,Leucorrhinia dubia
https://inaturalist-open-data.s3.amazonaws.com/photos/144289336/medium.jpeg,Leucorrhinia dubia
https://inaturalist-open-data.s3.amazonaws.com/photos/144318615/medium.jpeg,Leucorrhinia dubia
https://inaturalist-open-data.s3.amazonaws.com/photos/144318810/medium.jpeg,Leucorrhinia dubia
https://inaturalist-open-data.s3.amazonaws.com/photos/144321059/medium.jpeg,Leucorrhinia dubia
https://inaturalist-open-data.s3.amazonaws.com/photos/144329453/medium.jpeg,Leucorrhinia dubia
https://inaturalist-open-data.s3.amazonaws.com/photos/144342916/medium.jpg,Leucorrhinia dubia
https://inaturalist-open-data.s3.amazonaws.com/photos/144474338/medium.jpg,Leucorrhinia dubia
https://inaturalist-open-data.s3.amazonaws.com/photos/144860003/medium.jpeg,Leucorrhinia dubia
https://inaturalist-open-data.s3.amazonaws.com/photos/144934470/medium.jpg,Leucorrhinia dubia
https://inaturalist-open-data.s3.amazonaws.com/photos/145072594/medium.jpeg,Leucorrhinia dubia
https://static.inaturalist.org/photos/145159596/medium.jpeg,Leucorrhinia dubia
https://inaturalist-open-data.s3.amazonaws.com/photos/145209534/medium.jpg,Leucorrhinia dubia
https://inaturalist-open-data.s3.amazonaws.com/photos/145210543/medium.jpeg,Leucorrhinia dubia
https://static.inaturalist.org/photos/145373367/medium.jpeg,Leucorrhinia dubia
https://static.inaturalist.org/photos/145632346/medium.jpg,Leucorrhinia dubia
https://inaturalist-open-data.s3.amazonaws.com/photos/145676935/medium.jpeg,Leucorrhinia dubia
https://static.inaturalist.org/photos/145835589/medium.jpeg,Leucorrhinia dubia
https://inaturalist-open-data.s3.amazonaws.com/photos/145884892/medium.jpg,Leucorrhinia dubia
https://inaturalist-open-data.s3.amazonaws.com/photos/146046314/medium.jpeg,Leucorrhinia dubia
https://inaturalist-open-data.s3.amazonaws.com/photos/146059942/medium.jpeg,Leucorrhinia dubia
https://inaturalist-open-data.s3.amazonaws.com/photos/146142184/medium.jpg,Leucorrhinia dubia
https://inaturalist-open-data.s3.amazonaws.com/photos/146338693/medium.jpg,Leucorrhinia dubia
https://inaturalist-open-data.s3.amazonaws.com/photos/146378382/medium.jpeg,Leucorrhinia dubia
https://static.inaturalist.org/photos/146401428/medium.jpeg,Leucorrhinia dubia
https://inaturalist-open-data.s3.amazonaws.com/photos/146437197/medium.jpeg,Leucorrhinia dubia
https://inaturalist-open-data.s3.amazonaws.com/photos/146583308/medium.jpg,Leucorrhinia dubia
https://static.inaturalist.org/photos/146853179/medium.jpeg,Leucorrhinia dubia
https://inaturalist-open-data.s3.amazonaws.com/photos/146984901/medium.jpg,Leucorrhinia dubia
https://inaturalist-open-data.s3.amazonaws.com/photos/146985055/medium.jpg,Leucorrhinia dubia
https://inaturalist-open-data.s3.amazonaws.com/photos/147009199/medium.jpeg,Leucorrhinia dubia
https://static.inaturalist.org/photos/147576387/medium.jpg,Leucorrhinia dubia
https://static.inaturalist.org/photos/147587275/medium.jpg,Leucorrhinia dubia
https://static.inaturalist.org/photos/147587383/medium.jpg,Leucorrhinia dubia
https://inaturalist-open-data.s3.amazonaws.com/photos/147719744/medium.jpeg,Leucorrhinia dubia
https://inaturalist-open-data.s3.amazonaws.com/photos/147719951/medium.jpeg,Leucorrhinia dubia
https://inaturalist-open-data.s3.amazonaws.com/photos/147720977/medium.jpeg,Leucorrhinia dubia
https://inaturalist-open-data.s3.amazonaws.com/photos/147880028/medium.jpeg,Leucorrhinia dubia
https://inaturalist-open-data.s3.amazonaws.com/photos/148053103/medium.jpg,Leucorrhinia dubia
https://inaturalist-open-data.s3.amazonaws.com/photos/148104927/medium.jpeg,Leucorrhinia dubia
https://inaturalist-open-data.s3.amazonaws.com/photos/148114244/medium.jpeg,Leucorrhinia dubia
https://inaturalist-open-data.s3.amazonaws.com/photos/148109424/medium.jpeg,Leucorrhinia dubia
https://inaturalist-open-data.s3.amazonaws.com/photos/148117552/medium.jpeg,Leucorrhinia dubia
https://inaturalist-open-data.s3.amazonaws.com/photos/148118230/medium.jpeg,Leucorrhinia dubia
https://inaturalist-open-data.s3.amazonaws.com/photos/148266610/medium.jpeg,Leucorrhinia dubia
https://static.inaturalist.org/photos/148282298/medium.jpeg,Leucorrhinia dubia
https://inaturalist-open-data.s3.amazonaws.com/photos/148901147/medium.jpeg,Leucorrhinia dubia
https://inaturalist-open-data.s3.amazonaws.com/photos/150034949/medium.jpeg,Leucorrhinia dubia
https://inaturalist-open-data.s3.amazonaws.com/photos/150250585/medium.jpeg,Leucorrhinia dubia
https://inaturalist-open-data.s3.amazonaws.com/photos/150663521/medium.jpg,Leucorrhinia dubia
https://inaturalist-open-data.s3.amazonaws.com/photos/151010426/medium.jpg,Leucorrhinia dubia
https://inaturalist-open-data.s3.amazonaws.com/photos/151010687/medium.jpg,Leucorrhinia dubia
https://inaturalist-open-data.s3.amazonaws.com/photos/151237751/medium.jpeg,Leucorrhinia dubia
https://static.inaturalist.org/photos/152006833/medium.jpeg,Leucorrhinia dubia
https://inaturalist-open-data.s3.amazonaws.com/photos/152463129/medium.jpg,Leucorrhinia dubia
https://inaturalist-open-data.s3.amazonaws.com/photos/152463227/medium.jpg,Leucorrhinia dubia
https://static.inaturalist.org/photos/152481500/medium.jpeg,Leucorrhinia dubia
https://static.inaturalist.org/photos/152481584/medium.jpeg,Leucorrhinia dubia
https://static.inaturalist.org/photos/152491504/medium.jpeg,Leucorrhinia dubia
https://inaturalist-open-data.s3.amazonaws.com/photos/153308843/medium.jpeg,Leucorrhinia dubia
https://inaturalist-open-data.s3.amazonaws.com/photos/153309097/medium.jpeg,Leucorrhinia dubia
https://inaturalist-open-data.s3.amazonaws.com/photos/153309262/medium.jpeg,Leucorrhinia dubia
https://static.inaturalist.org/photos/153970610/medium.jpeg,Leucorrhinia dubia
https://static.inaturalist.org/photos/153970658/medium.jpeg,Leucorrhinia dubia
https://static.inaturalist.org/photos/153970687/medium.jpeg,Leucorrhinia dubia
https://static.inaturalist.org/photos/153970721/medium.jpeg,Leucorrhinia dubia
https://static.inaturalist.org/photos/153970795/medium.jpeg,Leucorrhinia dubia
https://inaturalist-open-data.s3.amazonaws.com/photos/154170421/medium.jpeg,Leucorrhinia dubia
https://inaturalist-open-data.s3.amazonaws.com/photos/154170694/medium.jpeg,Leucorrhinia dubia
https://inaturalist-open-data.s3.amazonaws.com/photos/154430522/medium.jpg,Leucorrhinia dubia
https://static.inaturalist.org/photos/154606298/medium.jpeg,Leucorrhinia dubia
https://inaturalist-open-data.s3.amazonaws.com/photos/155577510/medium.jpeg,Leucorrhinia dubia
https://inaturalist-open-data.s3.amazonaws.com/photos/155593751/medium.jpeg,Leucorrhinia dubia
https://inaturalist-open-data.s3.amazonaws.com/photos/159683133/medium.jpg,Leucorrhinia dubia
https://inaturalist-open-data.s3.amazonaws.com/photos/162942493/medium.jpg,Leucorrhinia dubia
https://inaturalist-open-data.s3.amazonaws.com/photos/164985867/medium.jpeg,Leucorrhinia dubia
https://inaturalist-open-data.s3.amazonaws.com/photos/164986094/medium.jpeg,Leucorrhinia dubia
https://inaturalist-open-data.s3.amazonaws.com/photos/164986237/medium.jpeg,Leucorrhinia dubia
https://inaturalist-open-data.s3.amazonaws.com/photos/164986564/medium.jpeg,Leucorrhinia dubia
https://inaturalist-open-data.s3.amazonaws.com/photos/165437667/medium.jpeg,Leucorrhinia dubia
https://inaturalist-open-data.s3.amazonaws.com/photos/165627107/medium.jpg,Leucorrhinia dubia
https://inaturalist-open-data.s3.amazonaws.com/photos/166106679/medium.jpg,Leucorrhinia dubia
https://inaturalist-open-data.s3.amazonaws.com/photos/166110616/medium.jpg,Leucorrhinia dubia
https://inaturalist-open-data.s3.amazonaws.com/photos/167383773/medium.png,Leucorrhinia dubia
https://static.inaturalist.org/photos/169195917/medium.jpeg,Leucorrhinia dubia
https://inaturalist-open-data.s3.amazonaws.com/photos/170559501/medium.jpg,Leucorrhinia dubia
https://inaturalist-open-data.s3.amazonaws.com/photos/170980918/medium.jpeg,Leucorrhinia dubia
https://inaturalist-open-data.s3.amazonaws.com/photos/171894112/medium.jpg,Leucorrhinia dubia
https://static.inaturalist.org/photos/171898190/medium.jpeg,Leucorrhinia dubia
https://inaturalist-open-data.s3.amazonaws.com/photos/172049752/medium.jpg,Leucorrhinia dubia
https://inaturalist-open-data.s3.amazonaws.com/photos/172051532/medium.jpg,Leucorrhinia dubia
https://static.inaturalist.org/photos/172081426/medium.jpeg,Leucorrhinia dubia
https://inaturalist-open-data.s3.amazonaws.com/photos/172167103/medium.jpeg,Leucorrhinia dubia
https://inaturalist-open-data.s3.amazonaws.com/photos/173212863/medium.jpg,Leucorrhinia dubia
https://inaturalist-open-data.s3.amazonaws.com/photos/173215234/medium.jpg,Leucorrhinia dubia
https://inaturalist-open-data.s3.amazonaws.com/photos/173215413/medium.jpg,Leucorrhinia dubia
https://inaturalist-open-data.s3.amazonaws.com/photos/173412733/medium.jpeg,Leucorrhinia dubia
https://inaturalist-open-data.s3.amazonaws.com/photos/173415307/medium.jpeg,Leucorrhinia dubia
https://inaturalist-open-data.s3.amazonaws.com/photos/173501600/medium.jpg,Leucorrhinia dubia
https://inaturalist-open-data.s3.amazonaws.com/photos/173507099/medium.jpg,Leucorrhinia dubia
https://inaturalist-open-data.s3.amazonaws.com/photos/173511973/medium.jpeg,Leucorrhinia dubia
https://inaturalist-open-data.s3.amazonaws.com/photos/173630302/medium.jpg,Leucorrhinia dubia
https://inaturalist-open-data.s3.amazonaws.com/photos/173732077/medium.jpeg,Leucorrhinia dubia
https://inaturalist-open-data.s3.amazonaws.com/photos/173734067/medium.jpeg,Leucorrhinia dubia
https://inaturalist-open-data.s3.amazonaws.com/photos/173832605/medium.jpg,Leucorrhinia dubia
https://inaturalist-open-data.s3.amazonaws.com/photos/174592740/medium.jpg,Leucorrhinia dubia
https://inaturalist-open-data.s3.amazonaws.com/photos/174706646/medium.jpg,Leucorrhinia dubia
https://inaturalist-open-data.s3.amazonaws.com/photos/175733760/medium.jpeg,Leucorrhinia dubia
https://inaturalist-open-data.s3.amazonaws.com/photos/175746963/medium.jpeg,Leucorrhinia dubia
https://inaturalist-open-data.s3.amazonaws.com/photos/176595476/medium.jpeg,Leucorrhinia dubia
https://inaturalist-open-data.s3.amazonaws.com/photos/177040860/medium.jpeg,Leucorrhinia dubia
https://inaturalist-open-data.s3.amazonaws.com/photos/177464055/medium.jpeg,Leucorrhinia dubia
https://inaturalist-open-data.s3.amazonaws.com/photos/177669463/medium.jpg,Leucorrhinia dubia
https://inaturalist-open-data.s3.amazonaws.com/photos/178454830/medium.jpeg,Leucorrhinia dubia
https://inaturalist-open-data.s3.amazonaws.com/photos/178696159/medium.jpeg,Leucorrhinia dubia
https://inaturalist-open-data.s3.amazonaws.com/photos/178788559/medium.jpg,Leucorrhinia dubia
https://static.inaturalist.org/photos/179872151/medium.jpg,Leucorrhinia dubia
https://static.inaturalist.org/photos/180223245/medium.jpg,Leucorrhinia dubia
https://static.inaturalist.org/photos/180496686/medium.jpg,Leucorrhinia dubia
https://inaturalist-open-data.s3.amazonaws.com/photos/180664228/medium.jpg,Leucorrhinia dubia
https://static.inaturalist.org/photos/182323712/medium.jpeg,Leucorrhinia dubia
https://static.inaturalist.org/photos/184387273/medium.jpg,Leucorrhinia dubia
https://static.inaturalist.org/photos/185179377/medium.jpg,Leucorrhinia dubia
https://inaturalist-open-data.s3.amazonaws.com/photos/185181332/medium.jpg,Leucorrhinia dubia
https://inaturalist-open-data.s3.amazonaws.com/photos/185329040/medium.jpeg,Leucorrhinia dubia
https://static.inaturalist.org/photos/186561565/medium.jpg,Leucorrhinia dubia
https://inaturalist-open-data.s3.amazonaws.com/photos/189629364/medium.jpeg,Leucorrhinia dubia
https://static.inaturalist.org/photos/190410456/medium.jpg,Leucorrhinia dubia
https://inaturalist-open-data.s3.amazonaws.com/photos/190626275/medium.jpg,Leucorrhinia dubia
https://static.inaturalist.org/photos/196091914/medium.jpeg,Leucorrhinia dubia
https://static.inaturalist.org/photos/196091470/medium.jpeg,Leucorrhinia dubia
https://static.inaturalist.org/photos/196092178/medium.jpeg,Leucorrhinia dubia
https://inaturalist-open-data.s3.amazonaws.com/photos/196339902/medium.jpg,Leucorrhinia dubia
https://inaturalist-open-data.s3.amazonaws.com/photos/197056249/medium.jpg,Leucorrhinia dubia
https://inaturalist-open-data.s3.amazonaws.com/photos/197069270/medium.jpg,Leucorrhinia dubia
https://static.inaturalist.org/photos/197108260/medium.jpeg,Leucorrhinia dubia
https://inaturalist-open-data.s3.amazonaws.com/photos/197329008/medium.jpg,Leucorrhinia dubia
https://static.inaturalist.org/photos/197814605/medium.jpeg,Leucorrhinia dubia
https://inaturalist-open-data.s3.amazonaws.com/photos/197837429/medium.jpeg,Leucorrhinia dubia
https://inaturalist-open-data.s3.amazonaws.com/photos/198656084/medium.jpeg,Leucorrhinia dubia
https://inaturalist-open-data.s3.amazonaws.com/photos/199075225/medium.jpg,Leucorrhinia dubia
https://inaturalist-open-data.s3.amazonaws.com/photos/199721131/medium.jpeg,Leucorrhinia dubia
https://inaturalist-open-data.s3.amazonaws.com/photos/200545073/medium.jpeg,Leucorrhinia dubia
https://inaturalist-open-data.s3.amazonaws.com/photos/201166783/medium.jpeg,Leucorrhinia dubia
https://inaturalist-open-data.s3.amazonaws.com/photos/201166817/medium.jpeg,Leucorrhinia dubia
https://inaturalist-open-data.s3.amazonaws.com/photos/202135772/medium.jpeg,Leucorrhinia dubia
https://inaturalist-open-data.s3.amazonaws.com/photos/202135770/medium.jpeg,Leucorrhinia dubia
https://static.inaturalist.org/photos/202167686/medium.jpg,Leucorrhinia dubia
https://inaturalist-open-data.s3.amazonaws.com/photos/202520884/medium.jpeg,Leucorrhinia dubia
https://inaturalist-open-data.s3.amazonaws.com/photos/202689752/medium.jpeg,Leucorrhinia dubia
https://static.inaturalist.org/photos/202730193/medium.jpg,Leucorrhinia dubia
https://inaturalist-open-data.s3.amazonaws.com/photos/202887191/medium.jpg,Leucorrhinia dubia
https://static.inaturalist.org/photos/202919499/medium.jpeg,Leucorrhinia dubia
https://static.inaturalist.org/photos/202919533/medium.jpeg,Leucorrhinia dubia
https://inaturalist-open-data.s3.amazonaws.com/photos/203949821/medium.jpg,Leucorrhinia dubia
https://inaturalist-open-data.s3.amazonaws.com/photos/204109305/medium.jpeg,Leucorrhinia dubia
https://inaturalist-open-data.s3.amazonaws.com/photos/204109640/medium.jpeg,Leucorrhinia dubia
https://inaturalist-open-data.s3.amazonaws.com/photos/204164450/medium.jpeg,Leucorrhinia dubia
https://inaturalist-open-data.s3.amazonaws.com/photos/204300314/medium.jpg,Leucorrhinia dubia
https://inaturalist-open-data.s3.amazonaws.com/photos/204360658/medium.jpg,Leucorrhinia dubia
https://inaturalist-open-data.s3.amazonaws.com/photos/204373728/medium.jpg,Leucorrhinia dubia
https://inaturalist-open-data.s3.amazonaws.com/photos/204381237/medium.jpg,Leucorrhinia dubia
https://inaturalist-open-data.s3.amazonaws.com/photos/204434984/medium.jpeg,Leucorrhinia dubia
https://inaturalist-open-data.s3.amazonaws.com/photos/204915649/medium.jpeg,Leucorrhinia dubia
https://static.inaturalist.org/photos/205112000/medium.jpeg,Leucorrhinia dubia
https://inaturalist-open-data.s3.amazonaws.com/photos/205120555/medium.jpeg,Leucorrhinia dubia
https://inaturalist-open-data.s3.amazonaws.com/photos/205120584/medium.jpeg,Leucorrhinia dubia
https://inaturalist-open-data.s3.amazonaws.com/photos/205120600/medium.jpeg,Leucorrhinia dubia
https://inaturalist-open-data.s3.amazonaws.com/photos/205120610/medium.jpeg,Leucorrhinia dubia
https://inaturalist-open-data.s3.amazonaws.com/photos/205120636/medium.jpeg,Leucorrhinia dubia
https://inaturalist-open-data.s3.amazonaws.com/photos/205120646/medium.jpeg,Leucorrhinia dubia
https://inaturalist-open-data.s3.amazonaws.com/photos/205120686/medium.jpeg,Leucorrhinia dubia
https://inaturalist-open-data.s3.amazonaws.com/photos/205120771/medium.jpeg,Leucorrhinia dubia
https://inaturalist-open-data.s3.amazonaws.com/photos/205468190/medium.jpg,Leucorrhinia dubia
https://inaturalist-open-data.s3.amazonaws.com/photos/205522254/medium.jpeg,Leucorrhinia dubia
https://inaturalist-open-data.s3.amazonaws.com/photos/205711007/medium.jpg,Leucorrhinia dubia
https://inaturalist-open-data.s3.amazonaws.com/photos/206027086/medium.jpg,Leucorrhinia dubia
https://inaturalist-open-data.s3.amazonaws.com/photos/206292961/medium.jpg,Leucorrhinia dubia
https://inaturalist-open-data.s3.amazonaws.com/photos/206506961/medium.jpg,Leucorrhinia dubia
https://inaturalist-open-data.s3.amazonaws.com/photos/206775023/medium.jpg,Leucorrhinia dubia
https://inaturalist-open-data.s3.amazonaws.com/photos/207305090/medium.jpeg,Leucorrhinia dubia
https://inaturalist-open-data.s3.amazonaws.com/photos/207306518/medium.jpeg,Leucorrhinia dubia
https://inaturalist-open-data.s3.amazonaws.com/photos/207327059/medium.jpeg,Leucorrhinia dubia
https://inaturalist-open-data.s3.amazonaws.com/photos/207327069/medium.jpeg,Leucorrhinia dubia
https://inaturalist-open-data.s3.amazonaws.com/photos/207342588/medium.jpeg,Leucorrhinia dubia
https://static.inaturalist.org/photos/207352402/medium.jpeg,Leucorrhinia dubia
https://static.inaturalist.org/photos/207377263/medium.jpeg,Leucorrhinia dubia
https://inaturalist-open-data.s3.amazonaws.com/photos/207645446/medium.jpeg,Leucorrhinia dubia
https://inaturalist-open-data.s3.amazonaws.com/photos/207645573/medium.jpeg,Leucorrhinia dubia
https://inaturalist-open-data.s3.amazonaws.com/photos/207673568/medium.png,Leucorrhinia dubia
https://inaturalist-open-data.s3.amazonaws.com/photos/207673736/medium.png,Leucorrhinia dubia
https://inaturalist-open-data.s3.amazonaws.com/photos/207673791/medium.png,Leucorrhinia dubia
https://inaturalist-open-data.s3.amazonaws.com/photos/207673879/medium.png,Leucorrhinia dubia
https://inaturalist-open-data.s3.amazonaws.com/photos/207673906/medium.png,Leucorrhinia dubia
https://inaturalist-open-data.s3.amazonaws.com/photos/207673936/medium.png,Leucorrhinia dubia
https://inaturalist-open-data.s3.amazonaws.com/photos/207673980/medium.png,Leucorrhinia dubia
https://inaturalist-open-data.s3.amazonaws.com/photos/207673953/medium.png,Leucorrhinia dubia
https://inaturalist-open-data.s3.amazonaws.com/photos/207674009/medium.png,Leucorrhinia dubia
https://inaturalist-open-data.s3.amazonaws.com/photos/207674096/medium.png,Leucorrhinia dubia
https://inaturalist-open-data.s3.amazonaws.com/photos/207937773/medium.jpeg,Leucorrhinia dubia
https://inaturalist-open-data.s3.amazonaws.com/photos/207973561/medium.jpeg,Leucorrhinia dubia
https://static.inaturalist.org/photos/207985726/medium.jpg,Leucorrhinia dubia
https://inaturalist-open-data.s3.amazonaws.com/photos/207994176/medium.jpg,Leucorrhinia dubia
https://inaturalist-open-data.s3.amazonaws.com/photos/208095216/medium.jpeg,Leucorrhinia dubia
https://inaturalist-open-data.s3.amazonaws.com/photos/208172499/medium.jpg,Leucorrhinia dubia
https://inaturalist-open-data.s3.amazonaws.com/photos/208177181/medium.jpeg,Leucorrhinia dubia
https://inaturalist-open-data.s3.amazonaws.com/photos/208962895/medium.jpeg,Leucorrhinia dubia
https://inaturalist-open-data.s3.amazonaws.com/photos/208980060/medium.jpeg,Leucorrhinia dubia
https://inaturalist-open-data.s3.amazonaws.com/photos/209216426/medium.jpg,Leucorrhinia dubia
https://inaturalist-open-data.s3.amazonaws.com/photos/209856101/medium.jpeg,Leucorrhinia dubia
https://inaturalist-open-data.s3.amazonaws.com/photos/209854943/medium.jpg,Leucorrhinia dubia
https://inaturalist-open-data.s3.amazonaws.com/photos/209850154/medium.jpeg,Leucorrhinia dubia
https://inaturalist-open-data.s3.amazonaws.com/photos/210077862/medium.jpeg,Leucorrhinia dubia
https://inaturalist-open-data.s3.amazonaws.com/photos/210314004/medium.jpg,Leucorrhinia dubia
https://inaturalist-open-data.s3.amazonaws.com/photos/210318701/medium.jpeg,Leucorrhinia dubia
https://inaturalist-open-data.s3.amazonaws.com/photos/210343252/medium.jpg,Leucorrhinia dubia
https://inaturalist-open-data.s3.amazonaws.com/photos/210376968/medium.jpeg,Leucorrhinia dubia
https://inaturalist-open-data.s3.amazonaws.com/photos/210377115/medium.jpeg,Leucorrhinia dubia
https://inaturalist-open-data.s3.amazonaws.com/photos/210377398/medium.jpeg,Leucorrhinia dubia
https://inaturalist-open-data.s3.amazonaws.com/photos/210414687/medium.jpeg,Leucorrhinia dubia
https://inaturalist-open-data.s3.amazonaws.com/photos/210415534/medium.jpeg,Leucorrhinia dubia
https://inaturalist-open-data.s3.amazonaws.com/photos/210525032/medium.jpg,Leucorrhinia dubia
https://inaturalist-open-data.s3.amazonaws.com/photos/210607989/medium.jpeg,Leucorrhinia dubia
https://static.inaturalist.org/photos/210787110/medium.jpg,Leucorrhinia dubia
https://inaturalist-open-data.s3.amazonaws.com/photos/210839693/medium.jpeg,Leucorrhinia dubia
https://inaturalist-open-data.s3.amazonaws.com/photos/210840960/medium.jpeg,Leucorrhinia dubia
https://static.inaturalist.org/photos/210882948/medium.jpeg,Leucorrhinia dubia
https://inaturalist-open-data.s3.amazonaws.com/photos/211085377/medium.jpg,Leucorrhinia dubia
https://inaturalist-open-data.s3.amazonaws.com/photos/211109280/medium.jpg,Leucorrhinia dubia
https://inaturalist-open-data.s3.amazonaws.com/photos/211109448/medium.jpg,Leucorrhinia dubia
https://inaturalist-open-data.s3.amazonaws.com/photos/211133534/medium.jpeg,Leucorrhinia dubia
https://inaturalist-open-data.s3.amazonaws.com/photos/211231539/medium.jpg,Leucorrhinia dubia
https://inaturalist-open-data.s3.amazonaws.com/photos/211231759/medium.jpg,Leucorrhinia dubia
https://inaturalist-open-data.s3.amazonaws.com/photos/211440930/medium.jpg,Leucorrhinia dubia
https://inaturalist-open-data.s3.amazonaws.com/photos/211441023/medium.jpg,Leucorrhinia dubia
https://inaturalist-open-data.s3.amazonaws.com/photos/211449444/medium.jpg,Leucorrhinia dubia
https://inaturalist-open-data.s3.amazonaws.com/photos/211918689/medium.jpeg,Leucorrhinia dubia
https://inaturalist-open-data.s3.amazonaws.com/photos/212006441/medium.jpg,Leucorrhinia dubia
https://inaturalist-open-data.s3.amazonaws.com/photos/212015436/medium.png,Leucorrhinia dubia
https://inaturalist-open-data.s3.amazonaws.com/photos/212199796/medium.jpeg,Leucorrhinia dubia
https://inaturalist-open-data.s3.amazonaws.com/photos/212345830/medium.jpeg,Leucorrhinia dubia
https://inaturalist-open-data.s3.amazonaws.com/photos/212559725/medium.jpeg,Leucorrhinia dubia
https://inaturalist-open-data.s3.amazonaws.com/photos/212607145/medium.jpeg,Leucorrhinia dubia
https://inaturalist-open-data.s3.amazonaws.com/photos/212965123/medium.jpeg,Leucorrhinia dubia
https://inaturalist-open-data.s3.amazonaws.com/photos/212992377/medium.png,Leucorrhinia dubia
https://inaturalist-open-data.s3.amazonaws.com/photos/212992423/medium.png,Leucorrhinia dubia
https://inaturalist-open-data.s3.amazonaws.com/photos/212992463/medium.png,Leucorrhinia dubia
https://inaturalist-open-data.s3.amazonaws.com/photos/212993243/medium.png,Leucorrhinia dubia
https://inaturalist-open-data.s3.amazonaws.com/photos/213005047/medium.jpg,Leucorrhinia dubia
https://inaturalist-open-data.s3.amazonaws.com/photos/213005148/medium.jpg,Leucorrhinia dubia
https://static.inaturalist.org/photos/213099677/medium.jpeg,Leucorrhinia dubia
https://static.inaturalist.org/photos/213110707/medium.jpg,Leucorrhinia dubia
https://static.inaturalist.org/photos/213148183/medium.jpeg,Leucorrhinia dubia
https://inaturalist-open-data.s3.amazonaws.com/photos/213334823/medium.jpg,Leucorrhinia dubia
https://inaturalist-open-data.s3.amazonaws.com/photos/213543292/medium.jpg,Leucorrhinia dubia
https://inaturalist-open-data.s3.amazonaws.com/photos/213543441/medium.jpg,Leucorrhinia dubia
https://inaturalist-open-data.s3.amazonaws.com/photos/213658089/medium.jpg,Leucorrhinia dubia
https://inaturalist-open-data.s3.amazonaws.com/photos/213814891/medium.jpg,Leucorrhinia dubia
https://inaturalist-open-data.s3.amazonaws.com/photos/213855359/medium.jpg,Leucorrhinia dubia
https://static.inaturalist.org/photos/213868162/medium.jpeg,Leucorrhinia dubia
https://inaturalist-open-data.s3.amazonaws.com/photos/214091455/medium.jpeg,Leucorrhinia dubia
https://static.inaturalist.org/photos/214099817/medium.jpg,Leucorrhinia dubia
https://inaturalist-open-data.s3.amazonaws.com/photos/214119195/medium.jpeg,Leucorrhinia dubia
https://static.inaturalist.org/photos/214333490/medium.jpeg,Leucorrhinia dubia
https://inaturalist-open-data.s3.amazonaws.com/photos/214345093/medium.jpg,Leucorrhinia dubia
https://inaturalist-open-data.s3.amazonaws.com/photos/214345134/medium.jpg,Leucorrhinia dubia
https://inaturalist-open-data.s3.amazonaws.com/photos/214345153/medium.jpg,Leucorrhinia dubia
https://inaturalist-open-data.s3.amazonaws.com/photos/214345190/medium.jpg,Leucorrhinia dubia
https://static.inaturalist.org/photos/214425960/medium.jpg,Leucorrhinia dubia
https://inaturalist-open-data.s3.amazonaws.com/photos/214428685/medium.jpeg,Leucorrhinia dubia
https://inaturalist-open-data.s3.amazonaws.com/photos/214428732/medium.jpeg,Leucorrhinia dubia
https://inaturalist-open-data.s3.amazonaws.com/photos/214586635/medium.jpeg,Leucorrhinia dubia
https://inaturalist-open-data.s3.amazonaws.com/photos/214588060/medium.jpeg,Leucorrhinia dubia
https://inaturalist-open-data.s3.amazonaws.com/photos/214707726/medium.jpg,Leucorrhinia dubia
https://inaturalist-open-data.s3.amazonaws.com/photos/214812502/medium.jpeg,Leucorrhinia dubia
https://inaturalist-open-data.s3.amazonaws.com/photos/214837412/medium.jpeg,Leucorrhinia dubia
https://inaturalist-open-data.s3.amazonaws.com/photos/214850704/medium.jpeg,Leucorrhinia dubia
https://inaturalist-open-data.s3.amazonaws.com/photos/214941808/medium.jpeg,Leucorrhinia dubia
https://inaturalist-open-data.s3.amazonaws.com/photos/214967956/medium.jpeg,Leucorrhinia dubia
https://static.inaturalist.org/photos/215020825/medium.jpg,Leucorrhinia dubia
https://inaturalist-open-data.s3.amazonaws.com/photos/215192014/medium.jpeg,Leucorrhinia dubia
https://inaturalist-open-data.s3.amazonaws.com/photos/215241466/medium.jpg,Leucorrhinia dubia
https://inaturalist-open-data.s3.amazonaws.com/photos/215286805/medium.jpg,Leucorrhinia dubia
https://inaturalist-open-data.s3.amazonaws.com/photos/215287265/medium.jpeg,Leucorrhinia dubia
https://inaturalist-open-data.s3.amazonaws.com/photos/215287421/medium.jpeg,Leucorrhinia dubia
https://inaturalist-open-data.s3.amazonaws.com/photos/215287541/medium.jpeg,Leucorrhinia dubia
https://inaturalist-open-data.s3.amazonaws.com/photos/215291795/medium.jpeg,Leucorrhinia dubia
https://inaturalist-open-data.s3.amazonaws.com/photos/215297023/medium.jpeg,Leucorrhinia dubia
https://inaturalist-open-data.s3.amazonaws.com/photos/215300703/medium.jpeg,Leucorrhinia dubia
https://inaturalist-open-data.s3.amazonaws.com/photos/215300941/medium.jpeg,Leucorrhinia dubia
https://inaturalist-open-data.s3.amazonaws.com/photos/215492351/medium.jpg,Leucorrhinia dubia
https://static.inaturalist.org/photos/215542013/medium.jpg,Leucorrhinia dubia
https://inaturalist-open-data.s3.amazonaws.com/photos/215678062/medium.jpeg,Leucorrhinia dubia
https://inaturalist-open-data.s3.amazonaws.com/photos/215678116/medium.jpeg,Leucorrhinia dubia
https://inaturalist-open-data.s3.amazonaws.com/photos/215678358/medium.jpeg,Leucorrhinia dubia
https://inaturalist-open-data.s3.amazonaws.com/photos/215678562/medium.jpeg,Leucorrhinia dubia
https://inaturalist-open-data.s3.amazonaws.com/photos/215678607/medium.jpeg,Leucorrhinia dubia
https://inaturalist-open-data.s3.amazonaws.com/photos/215678728/medium.jpeg,Leucorrhinia dubia
https://inaturalist-open-data.s3.amazonaws.com/photos/215679992/medium.jpeg,Leucorrhinia dubia
https://inaturalist-open-data.s3.amazonaws.com/photos/215680475/medium.jpeg,Leucorrhinia dubia
https://inaturalist-open-data.s3.amazonaws.com/photos/215680611/medium.jpeg,Leucorrhinia dubia
https://inaturalist-open-data.s3.amazonaws.com/photos/215680930/medium.jpeg,Leucorrhinia dubia
https://inaturalist-open-data.s3.amazonaws.com/photos/215731512/medium.jpeg,Leucorrhinia dubia
https://inaturalist-open-data.s3.amazonaws.com/photos/215787220/medium.jpg,Leucorrhinia dubia
https://inaturalist-open-data.s3.amazonaws.com/photos/216019095/medium.jpeg,Leucorrhinia dubia
https://inaturalist-open-data.s3.amazonaws.com/photos/216018982/medium.jpeg,Leucorrhinia dubia
https://inaturalist-open-data.s3.amazonaws.com/photos/216043752/medium.jpg,Leucorrhinia dubia
https://inaturalist-open-data.s3.amazonaws.com/photos/216043792/medium.jpg,Leucorrhinia dubia
https://inaturalist-open-data.s3.amazonaws.com/photos/216077980/medium.jpeg,Leucorrhinia dubia
https://inaturalist-open-data.s3.amazonaws.com/photos/216182400/medium.jpeg,Leucorrhinia dubia
https://inaturalist-open-data.s3.amazonaws.com/photos/216182684/medium.jpeg,Leucorrhinia dubia
https://inaturalist-open-data.s3.amazonaws.com/photos/216186287/medium.jpeg,Leucorrhinia dubia
https://inaturalist-open-data.s3.amazonaws.com/photos/216260228/medium.jpeg,Leucorrhinia dubia
https://inaturalist-open-data.s3.amazonaws.com/photos/216275030/medium.jpg,Leucorrhinia dubia
https://inaturalist-open-data.s3.amazonaws.com/photos/216412503/medium.jpg,Leucorrhinia dubia
https://inaturalist-open-data.s3.amazonaws.com/photos/216445031/medium.jpg,Leucorrhinia dubia
https://inaturalist-open-data.s3.amazonaws.com/photos/216447680/medium.jpeg,Leucorrhinia dubia
https://static.inaturalist.org/photos/216771863/medium.jpeg,Leucorrhinia dubia
https://static.inaturalist.org/photos/216934602/medium.jpeg,Leucorrhinia dubia
https://inaturalist-open-data.s3.amazonaws.com/photos/217312770/medium.jpg,Leucorrhinia dubia
https://inaturalist-open-data.s3.amazonaws.com/photos/217331288/medium.jpeg,Leucorrhinia dubia
https://inaturalist-open-data.s3.amazonaws.com/photos/217515092/medium.jpeg,Leucorrhinia dubia
https://inaturalist-open-data.s3.amazonaws.com/photos/217629455/medium.jpg,Leucorrhinia dubia
https://inaturalist-open-data.s3.amazonaws.com/photos/217638867/medium.jpg,Leucorrhinia dubia
https://inaturalist-open-data.s3.amazonaws.com/photos/217639565/medium.jpg,Leucorrhinia dubia
https://inaturalist-open-data.s3.amazonaws.com/photos/217639805/medium.jpg,Leucorrhinia dubia
https://inaturalist-open-data.s3.amazonaws.com/photos/217639837/medium.jpg,Leucorrhinia dubia
https://inaturalist-open-data.s3.amazonaws.com/photos/217721637/medium.jpeg,Leucorrhinia dubia
https://inaturalist-open-data.s3.amazonaws.com/photos/218118574/medium.jpeg,Leucorrhinia dubia
https://static.inaturalist.org/photos/218145439/medium.jpg,Leucorrhinia dubia
https://static.inaturalist.org/photos/218145460/medium.jpg,Leucorrhinia dubia
https://static.inaturalist.org/photos/218281648/medium.jpg,Leucorrhinia dubia
https://static.inaturalist.org/photos/219407710/medium.jpg,Leucorrhinia dubia
https://inaturalist-open-data.s3.amazonaws.com/photos/219461677/medium.jpeg,Leucorrhinia dubia
https://static.inaturalist.org/photos/220204633/medium.jpeg,Leucorrhinia dubia
https://inaturalist-open-data.s3.amazonaws.com/photos/220732714/medium.jpg,Leucorrhinia dubia
https://inaturalist-open-data.s3.amazonaws.com/photos/221017300/medium.jpg,Leucorrhinia dubia
https://inaturalist-open-data.s3.amazonaws.com/photos/221027385/medium.jpg,Leucorrhinia dubia
https://static.inaturalist.org/photos/221242638/medium.jpeg,Leucorrhinia dubia
https://static.inaturalist.org/photos/221243006/medium.jpeg,Leucorrhinia dubia
https://static.inaturalist.org/photos/221431791/medium.jpeg,Leucorrhinia dubia
https://inaturalist-open-data.s3.amazonaws.com/photos/221563907/medium.jpg,Leucorrhinia dubia
https://static.inaturalist.org/photos/221776804/medium.jpg,Leucorrhinia dubia
https://inaturalist-open-data.s3.amazonaws.com/photos/221987494/medium.jpeg,Leucorrhinia dubia
https://inaturalist-open-data.s3.amazonaws.com/photos/222000547/medium.jpg,Leucorrhinia dubia
https://inaturalist-open-data.s3.amazonaws.com/photos/222946535/medium.jpeg,Leucorrhinia dubia
https://inaturalist-open-data.s3.amazonaws.com/photos/223778192/medium.jpg,Leucorrhinia dubia
https://inaturalist-open-data.s3.amazonaws.com/photos/223778204/medium.jpg,Leucorrhinia dubia
https://inaturalist-open-data.s3.amazonaws.com/photos/223887058/medium.jpeg,Leucorrhinia dubia
https://inaturalist-open-data.s3.amazonaws.com/photos/223887126/medium.jpeg,Leucorrhinia dubia
https://inaturalist-open-data.s3.amazonaws.com/photos/225469202/medium.jpg,Leucorrhinia dubia
https://inaturalist-open-data.s3.amazonaws.com/photos/225560294/medium.jpeg,Leucorrhinia dubia
https://inaturalist-open-data.s3.amazonaws.com/photos/225566142/medium.jpeg,Leucorrhinia dubia
https://inaturalist-open-data.s3.amazonaws.com/photos/225710992/medium.jpg,Leucorrhinia dubia
https://inaturalist-open-data.s3.amazonaws.com/photos/226871461/medium.jpeg,Leucorrhinia dubia
https://inaturalist-open-data.s3.amazonaws.com/photos/226871689/medium.jpeg,Leucorrhinia dubia
https://inaturalist-open-data.s3.amazonaws.com/photos/226953881/medium.jpeg,Leucorrhinia dubia
https://inaturalist-open-data.s3.amazonaws.com/photos/227291821/medium.jpeg,Leucorrhinia dubia
https://inaturalist-open-data.s3.amazonaws.com/photos/227291910/medium.jpeg,Leucorrhinia dubia
https://inaturalist-open-data.s3.amazonaws.com/photos/227298223/medium.jpeg,Leucorrhinia dubia
https://inaturalist-open-data.s3.amazonaws.com/photos/227462935/medium.jpg,Leucorrhinia dubia
https://inaturalist-open-data.s3.amazonaws.com/photos/228000880/medium.jpg,Leucorrhinia dubia
https://inaturalist-open-data.s3.amazonaws.com/photos/228426956/medium.jpeg,Leucorrhinia dubia
https://inaturalist-open-data.s3.amazonaws.com/photos/230895341/medium.jpeg,Leucorrhinia dubia
https://inaturalist-open-data.s3.amazonaws.com/photos/231231190/medium.jpeg,Leucorrhinia dubia
https://inaturalist-open-data.s3.amazonaws.com/photos/231411907/medium.jpeg,Leucorrhinia dubia
https://inaturalist-open-data.s3.amazonaws.com/photos/231411997/medium.jpeg,Leucorrhinia dubia
https://inaturalist-open-data.s3.amazonaws.com/photos/231412235/medium.jpeg,Leucorrhinia dubia
https://inaturalist-open-data.s3.amazonaws.com/photos/231424979/medium.jpeg,Leucorrhinia dubia
https://inaturalist-open-data.s3.amazonaws.com/photos/231425866/medium.jpeg,Leucorrhinia dubia
https://static.inaturalist.org/photos/231929859/medium.jpg,Leucorrhinia dubia
https://inaturalist-open-data.s3.amazonaws.com/photos/231971392/medium.jpeg,Leucorrhinia dubia
https://inaturalist-open-data.s3.amazonaws.com/photos/232421292/medium.jpeg,Leucorrhinia dubia
https://inaturalist-open-data.s3.amazonaws.com/photos/232423690/medium.jpeg,Leucorrhinia dubia
https://inaturalist-open-data.s3.amazonaws.com/photos/232638328/medium.jpg,Leucorrhinia dubia
https://inaturalist-open-data.s3.amazonaws.com/photos/232817555/medium.jpeg,Leucorrhinia dubia
https://inaturalist-open-data.s3.amazonaws.com/photos/232826544/medium.jpeg,Leucorrhinia dubia
https://inaturalist-open-data.s3.amazonaws.com/photos/232826642/medium.jpeg,Leucorrhinia dubia
https://inaturalist-open-data.s3.amazonaws.com/photos/232827328/medium.jpeg,Leucorrhinia dubia
https://inaturalist-open-data.s3.amazonaws.com/photos/233334380/medium.jpeg,Leucorrhinia dubia
https://inaturalist-open-data.s3.amazonaws.com/photos/233346105/medium.jpeg,Leucorrhinia dubia
https://inaturalist-open-data.s3.amazonaws.com/photos/233350475/medium.jpg,Leucorrhinia dubia
https://inaturalist-open-data.s3.amazonaws.com/photos/234170507/medium.jpg,Leucorrhinia dubia
https://inaturalist-open-data.s3.amazonaws.com/photos/234665291/medium.jpeg,Leucorrhinia dubia
https://inaturalist-open-data.s3.amazonaws.com/photos/234946639/medium.jpg,Leucorrhinia dubia
https://inaturalist-open-data.s3.amazonaws.com/photos/235984446/medium.jpeg,Leucorrhinia dubia
https://inaturalist-open-data.s3.amazonaws.com/photos/239407933/medium.jpg,Leucorrhinia dubia
https://inaturalist-open-data.s3.amazonaws.com/photos/239407938/medium.jpg,Leucorrhinia dubia
https://inaturalist-open-data.s3.amazonaws.com/photos/240149139/medium.jpeg,Leucorrhinia dubia
https://inaturalist-open-data.s3.amazonaws.com/photos/240149431/medium.jpeg,Leucorrhinia dubia
https://inaturalist-open-data.s3.amazonaws.com/photos/240149493/medium.jpeg,Leucorrhinia dubia
https://inaturalist-open-data.s3.amazonaws.com/photos/240150091/medium.jpeg,Leucorrhinia dubia
https://inaturalist-open-data.s3.amazonaws.com/photos/241401159/medium.jpeg,Leucorrhinia dubia
https://inaturalist-open-data.s3.amazonaws.com/photos/241401166/medium.jpeg,Leucorrhinia dubia
https://inaturalist-open-data.s3.amazonaws.com/photos/242202147/medium.jpeg,Leucorrhinia dubia
https://inaturalist-open-data.s3.amazonaws.com/photos/242322969/medium.jpeg,Leucorrhinia dubia
https://inaturalist-open-data.s3.amazonaws.com/photos/242618893/medium.jpeg,Leucorrhinia dubia
https://inaturalist-open-data.s3.amazonaws.com/photos/242956935/medium.jpeg,Leucorrhinia dubia
https://inaturalist-open-data.s3.amazonaws.com/photos/242956972/medium.jpeg,Leucorrhinia dubia
https://inaturalist-open-data.s3.amazonaws.com/photos/243493231/medium.jpeg,Leucorrhinia dubia
https://inaturalist-open-data.s3.amazonaws.com/photos/243493235/medium.jpeg,Leucorrhinia dubia
https://inaturalist-open-data.s3.amazonaws.com/photos/243503350/medium.jpeg,Leucorrhinia dubia
https://inaturalist-open-data.s3.amazonaws.com/photos/243503356/medium.jpeg,Leucorrhinia dubia
https://inaturalist-open-data.s3.amazonaws.com/photos/243718823/medium.jpeg,Leucorrhinia dubia
https://static.inaturalist.org/photos/244490217/medium.jpg,Leucorrhinia dubia
https://inaturalist-open-data.s3.amazonaws.com/photos/245534523/medium.jpeg,Leucorrhinia dubia
https://inaturalist-open-data.s3.amazonaws.com/photos/245856849/medium.jpeg,Leucorrhinia dubia
https://inaturalist-open-data.s3.amazonaws.com/photos/246539464/medium.jpg,Leucorrhinia dubia
https://inaturalist-open-data.s3.amazonaws.com/photos/246786064/medium.jpeg,Leucorrhinia dubia
https://inaturalist-open-data.s3.amazonaws.com/photos/246786080/medium.jpeg,Leucorrhinia dubia
https://inaturalist-open-data.s3.amazonaws.com/photos/246786090/medium.jpeg,Leucorrhinia dubia
https://inaturalist-open-data.s3.amazonaws.com/photos/246786104/medium.jpeg,Leucorrhinia dubia
https://inaturalist-open-data.s3.amazonaws.com/photos/246840901/medium.jpeg,Leucorrhinia dubia
https://inaturalist-open-data.s3.amazonaws.com/photos/246938855/medium.jpeg,Leucorrhinia dubia
https://inaturalist-open-data.s3.amazonaws.com/photos/247419058/medium.jpg,Leucorrhinia dubia
https://inaturalist-open-data.s3.amazonaws.com/photos/247525455/medium.jpg,Leucorrhinia dubia
https://inaturalist-open-data.s3.amazonaws.com/photos/247526960/medium.jpg,Leucorrhinia dubia
https://inaturalist-open-data.s3.amazonaws.com/photos/247527531/medium.jpg,Leucorrhinia dubia
https://inaturalist-open-data.s3.amazonaws.com/photos/247538385/medium.jpg,Leucorrhinia dubia
https://inaturalist-open-data.s3.amazonaws.com/photos/247538744/medium.jpg,Leucorrhinia dubia
https://inaturalist-open-data.s3.amazonaws.com/photos/247538887/medium.jpg,Leucorrhinia dubia
https://inaturalist-open-data.s3.amazonaws.com/photos/247680439/medium.jpeg,Leucorrhinia dubia
https://inaturalist-open-data.s3.amazonaws.com/photos/247680455/medium.jpeg,Leucorrhinia dubia
https://inaturalist-open-data.s3.amazonaws.com/photos/247680464/medium.jpeg,Leucorrhinia dubia
https://inaturalist-open-data.s3.amazonaws.com/photos/247855430/medium.jpeg,Leucorrhinia dubia
https://inaturalist-open-data.s3.amazonaws.com/photos/247855805/medium.jpeg,Leucorrhinia dubia
https://inaturalist-open-data.s3.amazonaws.com/photos/247886904/medium.jpg,Leucorrhinia dubia
https://inaturalist-open-data.s3.amazonaws.com/photos/247886993/medium.jpg,Leucorrhinia dubia
https://inaturalist-open-data.s3.amazonaws.com/photos/248706612/medium.jpg,Leucorrhinia dubia
https://static.inaturalist.org/photos/248836843/medium.jpeg,Leucorrhinia dubia
https://static.inaturalist.org/photos/249506026/medium.jpeg,Leucorrhinia dubia
https://inaturalist-open-data.s3.amazonaws.com/photos/250986281/medium.jpg,Leucorrhinia dubia
https://inaturalist-open-data.s3.amazonaws.com/photos/251354959/medium.jpg,Leucorrhinia dubia
https://inaturalist-open-data.s3.amazonaws.com/photos/251431114/medium.jpeg,Leucorrhinia dubia
https://static.inaturalist.org/photos/252097950/medium.jpg,Leucorrhinia dubia
https://static.inaturalist.org/photos/252247196/medium.jpeg,Leucorrhinia dubia
https://static.inaturalist.org/photos/252248316/medium.jpeg,Leucorrhinia dubia
https://inaturalist-open-data.s3.amazonaws.com/photos/252423517/medium.jpeg,Leucorrhinia dubia
https://inaturalist-open-data.s3.amazonaws.com/photos/252439489/medium.jpg,Leucorrhinia dubia
https://inaturalist-open-data.s3.amazonaws.com/photos/252439622/medium.jpg,Leucorrhinia dubia
https://inaturalist-open-data.s3.amazonaws.com/photos/252439661/medium.jpg,Leucorrhinia dubia
https://inaturalist-open-data.s3.amazonaws.com/photos/252450485/medium.jpg,Leucorrhinia dubia
https://inaturalist-open-data.s3.amazonaws.com/photos/252523306/medium.jpg,Leucorrhinia dubia
https://inaturalist-open-data.s3.amazonaws.com/photos/253062976/medium.jpg,Leucorrhinia dubia
https://inaturalist-open-data.s3.amazonaws.com/photos/253644602/medium.jpg,Leucorrhinia dubia
https://inaturalist-open-data.s3.amazonaws.com/photos/254581886/medium.jpg,Leucorrhinia dubia
https://inaturalist-open-data.s3.amazonaws.com/photos/255420325/medium.jpg,Leucorrhinia dubia
https://inaturalist-open-data.s3.amazonaws.com/photos/256351927/medium.jpg,Leucorrhinia dubia
https://inaturalist-open-data.s3.amazonaws.com/photos/256736266/medium.jpg,Leucorrhinia dubia
https://inaturalist-open-data.s3.amazonaws.com/photos/257008035/medium.jpeg,Leucorrhinia dubia
https://inaturalist-open-data.s3.amazonaws.com/photos/257162311/medium.jpeg,Leucorrhinia dubia
https://static.inaturalist.org/photos/257284476/medium.jpg,Leucorrhinia dubia
https://inaturalist-open-data.s3.amazonaws.com/photos/257566562/medium.jpeg,Leucorrhinia dubia
https://inaturalist-open-data.s3.amazonaws.com/photos/261058762/medium.jpeg,Leucorrhinia dubia
https://inaturalist-open-data.s3.amazonaws.com/photos/261411098/medium.jpeg,Leucorrhinia dubia
https://inaturalist-open-data.s3.amazonaws.com/photos/263700947/medium.jpeg,Leucorrhinia dubia
https://static.inaturalist.org/photos/263706340/medium.jpeg,Leucorrhinia dubia
https://inaturalist-open-data.s3.amazonaws.com/photos/265069373/medium.jpeg,Leucorrhinia dubia
https://inaturalist-open-data.s3.amazonaws.com/photos/267040146/medium.jpeg,Leucorrhinia dubia
https://inaturalist-open-data.s3.amazonaws.com/photos/267040153/medium.jpeg,Leucorrhinia dubia
https://inaturalist-open-data.s3.amazonaws.com/photos/267040159/medium.jpeg,Leucorrhinia dubia
https://inaturalist-open-data.s3.amazonaws.com/photos/267040187/medium.jpeg,Leucorrhinia dubia
https://inaturalist-open-data.s3.amazonaws.com/photos/267040200/medium.jpeg,Leucorrhinia dubia
https://inaturalist-open-data.s3.amazonaws.com/photos/267040210/medium.jpeg,Leucorrhinia dubia
https://inaturalist-open-data.s3.amazonaws.com/photos/267040216/medium.jpeg,Leucorrhinia dubia
https://inaturalist-open-data.s3.amazonaws.com/photos/267040219/medium.jpeg,Leucorrhinia dubia
https://inaturalist-open-data.s3.amazonaws.com/photos/267040226/medium.jpeg,Leucorrhinia dubia
https://inaturalist-open-data.s3.amazonaws.com/photos/267040231/medium.jpeg,Leucorrhinia dubia
https://inaturalist-open-data.s3.amazonaws.com/photos/267040241/medium.jpeg,Leucorrhinia dubia
https://inaturalist-open-data.s3.amazonaws.com/photos/267040247/medium.jpeg,Leucorrhinia dubia
https://inaturalist-open-data.s3.amazonaws.com/photos/278787326/medium.jpg,Leucorrhinia dubia
https://static.inaturalist.org/photos/279062757/medium.jpg,Leucorrhinia dubia
https://inaturalist-open-data.s3.amazonaws.com/photos/279298892/medium.jpg,Leucorrhinia dubia
https://inaturalist-open-data.s3.amazonaws.com/photos/279353092/medium.jpeg,Leucorrhinia dubia
https://inaturalist-open-data.s3.amazonaws.com/photos/279353122/medium.jpeg,Leucorrhinia dubia
https://inaturalist-open-data.s3.amazonaws.com/photos/279353188/medium.jpeg,Leucorrhinia dubia
https://inaturalist-open-data.s3.amazonaws.com/photos/279353218/medium.jpeg,Leucorrhinia dubia
https://inaturalist-open-data.s3.amazonaws.com/photos/279353245/medium.jpeg,Leucorrhinia dubia
https://inaturalist-open-data.s3.amazonaws.com/photos/280695731/medium.jpg,Leucorrhinia dubia
https://static.inaturalist.org/photos/280734549/medium.jpg,Leucorrhinia dubia
https://static.inaturalist.org/photos/282862531/medium.jpg,Leucorrhinia dubia
https://static.inaturalist.org/photos/282882633/medium.jpg,Leucorrhinia dubia
https://inaturalist-open-data.s3.amazonaws.com/photos/283315890/medium.jpg,Leucorrhinia dubia
https://inaturalist-open-data.s3.amazonaws.com/photos/283324884/medium.jpg,Leucorrhinia dubia
https://inaturalist-open-data.s3.amazonaws.com/photos/284113866/medium.jpeg,Leucorrhinia dubia
https://static.inaturalist.org/photos/284495671/medium.jpeg,Leucorrhinia dubia
https://inaturalist-open-data.s3.amazonaws.com/photos/284506318/medium.jpg,Leucorrhinia dubia
https://inaturalist-open-data.s3.amazonaws.com/photos/284800919/medium.jpeg,Leucorrhinia dubia
https://static.inaturalist.org/photos/284849375/medium.jpeg,Leucorrhinia dubia
https://inaturalist-open-data.s3.amazonaws.com/photos/284848756/medium.jpeg,Leucorrhinia dubia
https://inaturalist-open-data.s3.amazonaws.com/photos/284849625/medium.jpeg,Leucorrhinia dubia
https://inaturalist-open-data.s3.amazonaws.com/photos/284897229/medium.jpeg,Leucorrhinia dubia
https://inaturalist-open-data.s3.amazonaws.com/photos/284897244/medium.jpeg,Leucorrhinia dubia
https://inaturalist-open-data.s3.amazonaws.com/photos/284897271/medium.jpeg,Leucorrhinia dubia
https://inaturalist-open-data.s3.amazonaws.com/photos/284897482/medium.jpeg,Leucorrhinia dubia
https://inaturalist-open-data.s3.amazonaws.com/photos/285254476/medium.jpg,Leucorrhinia dubia
https://inaturalist-open-data.s3.amazonaws.com/photos/285334120/medium.jpeg,Leucorrhinia dubia
https://inaturalist-open-data.s3.amazonaws.com/photos/285664381/medium.jpg,Leucorrhinia dubia
https://inaturalist-open-data.s3.amazonaws.com/photos/285856323/medium.jpeg,Leucorrhinia dubia
https://inaturalist-open-data.s3.amazonaws.com/photos/285857066/medium.jpeg,Leucorrhinia dubia
https://inaturalist-open-data.s3.amazonaws.com/photos/285957059/medium.jpg,Leucorrhinia dubia
https://inaturalist-open-data.s3.amazonaws.com/photos/285957083/medium.jpg,Leucorrhinia dubia
https://static.inaturalist.org/photos/286191275/medium.jpg,Leucorrhinia dubia
https://inaturalist-open-data.s3.amazonaws.com/photos/286318964/medium.jpg,Leucorrhinia dubia
https://inaturalist-open-data.s3.amazonaws.com/photos/286319196/medium.jpg,Leucorrhinia dubia
https://static.inaturalist.org/photos/286446486/medium.jpg,Leucorrhinia dubia
https://inaturalist-open-data.s3.amazonaws.com/photos/286469475/medium.jpeg,Leucorrhinia dubia
https://inaturalist-open-data.s3.amazonaws.com/photos/286539669/medium.jpeg,Leucorrhinia dubia
https://inaturalist-open-data.s3.amazonaws.com/photos/286539755/medium.jpeg,Leucorrhinia dubia
https://inaturalist-open-data.s3.amazonaws.com/photos/286539711/medium.jpeg,Leucorrhinia dubia
https://inaturalist-open-data.s3.amazonaws.com/photos/286539832/medium.jpeg,Leucorrhinia dubia
https://inaturalist-open-data.s3.amazonaws.com/photos/286539936/medium.jpeg,Leucorrhinia dubia
https://inaturalist-open-data.s3.amazonaws.com/photos/286540006/medium.jpeg,Leucorrhinia dubia
https://inaturalist-open-data.s3.amazonaws.com/photos/286539977/medium.jpeg,Leucorrhinia dubia
https://inaturalist-open-data.s3.amazonaws.com/photos/286540052/medium.jpeg,Leucorrhinia dubia
https://inaturalist-open-data.s3.amazonaws.com/photos/286540098/medium.jpeg,Leucorrhinia dubia
https://inaturalist-open-data.s3.amazonaws.com/photos/286540131/medium.jpeg,Leucorrhinia dubia
https://inaturalist-open-data.s3.amazonaws.com/photos/286540164/medium.jpeg,Leucorrhinia dubia
https://inaturalist-open-data.s3.amazonaws.com/photos/286540190/medium.jpeg,Leucorrhinia dubia
https://inaturalist-open-data.s3.amazonaws.com/photos/286540225/medium.jpeg,Leucorrhinia dubia
https://inaturalist-open-data.s3.amazonaws.com/photos/286604646/medium.jpg,Leucorrhinia dubia
https://static.inaturalist.org/photos/286649697/medium.jpg,Leucorrhinia dubia
https://static.inaturalist.org/photos/286824392/medium.jpg,Leucorrhinia dubia
https://inaturalist-open-data.s3.amazonaws.com/photos/286845723/medium.jpeg,Leucorrhinia dubia
https://inaturalist-open-data.s3.amazonaws.com/photos/286964299/medium.jpeg,Leucorrhinia dubia
https://inaturalist-open-data.s3.amazonaws.com/photos/286964690/medium.jpeg,Leucorrhinia dubia
https://inaturalist-open-data.s3.amazonaws.com/photos/287214107/medium.jpeg,Leucorrhinia dubia
https://inaturalist-open-data.s3.amazonaws.com/photos/287326352/medium.jpg,Leucorrhinia dubia
https://inaturalist-open-data.s3.amazonaws.com/photos/287326371/medium.jpg,Leucorrhinia dubia
https://inaturalist-open-data.s3.amazonaws.com/photos/287326446/medium.jpg,Leucorrhinia dubia
https://inaturalist-open-data.s3.amazonaws.com/photos/287660073/medium.jpg,Leucorrhinia dubia
https://inaturalist-open-data.s3.amazonaws.com/photos/287830138/medium.jpeg,Leucorrhinia dubia
https://static.inaturalist.org/photos/288248404/medium.jpeg,Leucorrhinia dubia
https://static.inaturalist.org/photos/288364176/medium.jpeg,Leucorrhinia dubia
https://static.inaturalist.org/photos/288880846/medium.jpeg,Leucorrhinia dubia
https://static.inaturalist.org/photos/288943669/medium.jpg,Leucorrhinia dubia
https://static.inaturalist.org/photos/288949569/medium.jpg,Leucorrhinia dubia
https://static.inaturalist.org/photos/289974240/medium.jpg,Leucorrhinia dubia
https://inaturalist-open-data.s3.amazonaws.com/photos/290463045/medium.jpg,Leucorrhinia dubia
https://inaturalist-open-data.s3.amazonaws.com/photos/290472963/medium.jpeg,Leucorrhinia dubia
https://inaturalist-open-data.s3.amazonaws.com/photos/290608070/medium.jpeg,Leucorrhinia dubia
https://inaturalist-open-data.s3.amazonaws.com/photos/290608257/medium.jpeg,Leucorrhinia dubia
https://inaturalist-open-data.s3.amazonaws.com/photos/291252008/medium.jpg,Leucorrhinia dubia
